Store Number,Address,City,State,Zip Code,Phone Number,Store Hours,Gas,Diesel,Latitude,Longitude,Accuracy
6,"68 MAIN ST., PO BOX 21",WESTMINSTER,MA,01473,(978) 874-0738,5 AM - 12 AM,,FALSE,42.5481529,-71.9159499,STREET_ADDRESS: RANGE_INTERPOLATED
12,4 COMMON ST,WRENTHAM,MA,02093,(508) 384-1283,5 AM - 12 AM,,FALSE,42.065392,-71.328871,STREET_ADDRESS: ROOFTOP
16,64 PARK STREET,AYER,MA,01432,(978) 772-5128,5 AM - 11 PM,,FALSE,42.5663214,-71.5922553,STREET_ADDRESS: RANGE_INTERPOLATED
23,76 CITY HALL AVE,GARDNER,MA,01440,(978) 632-6391,Open 24 hours,TRUE,FALSE,42.5746634,-71.9972835,STREET_ADDRESS: RANGE_INTERPOLATED
36,311 MAIN ST,OXFORD,MA,01540,(508) 987-9231,Open 24 hours,,FALSE,42.1171069,-71.8653118,STREET_ADDRESS: ROOFTOP
49,290 COUNTY ST,ATTLEBORO,MA,02703,(508) 226-2150,5 AM - 12 AM,,FALSE,41.9336874,-71.3002756,STREET_ADDRESS: RANGE_INTERPOLATED
81,206 WORCESTER STREET,NORTH GRAFTON,MA,01536,(508) 839-2618,5 AM - 12 AM,,FALSE,42.229742,-71.718766,STREET_ADDRESS: ROOFTOP
110,459 HARTFORD AVE,BELLINGHAM,MA,02019,(508) 966-9501,5 AM - 11 PM,TRUE,FALSE,42.132075,-71.447778,STREET_ADDRESS: ROOFTOP
119,616 CHANDLER STREET,WORCESTER,MA,01602,(508) 752-6573,5 AM - 12 AM,TRUE,FALSE,42.2757579,-71.8518901,STREET_ADDRESS: ROOFTOP
125,126 MAIN ST,MEDWAY,MA,02053,(508) 533-8877,5 AM - 11 PM,,FALSE,42.1493423,-71.4193443,STREET_ADDRESS: RANGE_INTERPOLATED
129,53 MAIN STREET,FLORENCE,MA,01062,(413) 584-9853,Open 24 hours,TRUE,FALSE,42.335343,-72.66912,STREET_ADDRESS: ROOFTOP
130,651 WASHINGTON ST,SOUTH ATTLEBORO,MA,02703,(508) 399-8905,Open 24 hours,TRUE,FALSE,41.9100234,-71.3633438,STREET_ADDRESS: RANGE_INTERPOLATED
131,139 SOUTH ST,PLAINVILLE,MA,02762,(508) 699-2482,Open 24 hours,TRUE,FALSE,42.0057974,-71.3365944,STREET_ADDRESS: RANGE_INTERPOLATED
132,164 MAIN STREET,SPENCER,MA,01562,(508) 885-9189,Open 24 hours,,FALSE,42.244468,-71.9918679,STREET_ADDRESS: RANGE_INTERPOLATED
133,"16 UPTON ST., PO BOX 432",GRAFTON,MA,01519,(508) 887-9521,5 AM - 12 AM,TRUE,FALSE,42.2060974,-71.6828096,STREET_ADDRESS: ROOFTOP
135,1128 OAKHILL AVE,ATTLEBORO,MA,02703,(508) 431-2027,5 AM - 12 AM,TRUE,FALSE,41.9119886,-71.2585722,STREET_ADDRESS: ROOFTOP
139,105 WEST STREET,LUDLOW,MA,01056,(413) 589-7291,5 AM - 12 AM,TRUE,FALSE,42.1682026,-72.511014,STREET_ADDRESS: RANGE_INTERPOLATED
144,80 COUNTY ST,ATTLEBORO,MA,02703,(508) 226-0121,Open 24 hours,TRUE,,41.9426506,-71.2866934,STREET_ADDRESS: RANGE_INTERPOLATED
145,134 KING STREET,NORTHAMPTON,MA,01060,(413) 586-7543,Open 24 hours,TRUE,FALSE,42.324116,-72.6328162,STREET_ADDRESS: RANGE_INTERPOLATED
150,246 MANSFIELD AVE,NORTON,MA,02766,(508) 285-7129,Open 24 hours,TRUE,FALSE,41.990707,-71.211124,STREET_ADDRESS: ROOFTOP
156,37 MONTCALM STREET,CHICOPEE,MA,01020,(413) 534-8469,5 AM - 12 AM,TRUE,FALSE,42.202278,-72.5806675,STREET_ADDRESS: RANGE_INTERPOLATED
162,376 RIVER ST,FITCHBURG,MA,01420,(978) 345-7436,Open 24 hours,TRUE,FALSE,42.5817667,-71.8215919,STREET_ADDRESS: RANGE_INTERPOLATED
163,10 S MAIN ST RTE 9,LEICESTER,MA,01524,(508) 892-9709,Open 24 hours,TRUE,FALSE,42.269357,-72.200446,ROUTE: GEOMETRIC_CENTER
164,2 MAIN STREET,SOUTH GRAFTON,MA,01560,(508) 839-2632,5 AM - 12 AM,TRUE,FALSE,42.176871,-71.681224,STREET_ADDRESS: ROOFTOP
166,502 WASHINGTON ST.,AUBURN,MA,01501,(508) 721-9560,Open 24 hours,TRUE,FALSE,42.1870373,-71.8344534,STREET_ADDRESS: RANGE_INTERPOLATED
167,794 SPRINGFIELD ST,FEEDING HILLS,MA,01030,(413) 789-7991,5 AM - 12 AM,TRUE,FALSE,42.0755259,-72.6557002,STREET_ADDRESS: RANGE_INTERPOLATED
170,573 KELLEY BOULEVARD,NORTH ATTLEBORO,MA,02760,(508) 643-3607,5 AM - 12 AM,TRUE,FALSE,42.0079972,-71.3029275,STREET_ADDRESS: RANGE_INTERPOLATED
173,"16 WESTFIELD RD,POBOX437",RUSSELL,MA,01071,(413) 862-3672,5 AM - 12 AM,TRUE,FALSE,42.189127,-72.85901,STREET_ADDRESS: ROOFTOP
176,20 MECHANIC ST,FOXBORO,MA,02035,(508) 698-0718,5 AM - 11 PM,TRUE,FALSE,42.0661488,-71.2480622,STREET_ADDRESS: RANGE_INTERPOLATED
177,BX 502/RT 110 & 5 CORNERS,LANCASTER,MA,01523,(978) 365-6229,5 AM - 11 PM,TRUE,FALSE,42.4556452,-71.6731242,LOCALITY: APPROXIMATE
178,479 ELECTRIC AVE,FITCHBURG,MA,01420,(978) 342-1597,Open 24 hours,TRUE,FALSE,42.5675359,-71.81368,STREET_ADDRESS: ROOFTOP
186,107 RUSSELL ST PO BOX 193,HADLEY,MA,01035,(413) 584-4756,Open 24 hours,TRUE,FALSE,42.3419556,-72.5946272,STREET_ADDRESS: RANGE_INTERPOLATED
187,30 CHAUNCEY ST,MANSFIELD,MA,02048,(508) 261-7857,5 AM - 12 AM,TRUE,FALSE,42.0323459,-71.216417,STREET_ADDRESS: ROOFTOP
188,150 COMMONWEALTH AVE.,NORTH ATTLEBORO,MA,02763,(508) 643-3148,Open 24 hours,TRUE,FALSE,41.9699681,-71.3113706,STREET_ADDRESS: ROOFTOP
190,ONE MAIN STREET,BLACKSTONE,MA,01504,(508) 876-9031,5 AM - 12 AM,TRUE,FALSE,42.0182067,-71.5549857,ROUTE: GEOMETRIC_CENTER
191,180 W. MAIN STREET,DUDLEY,MA,01571,(508) 943-0693,5 AM - 12 AM,TRUE,FALSE,42.0413681,-71.9101032,STREET_ADDRESS: RANGE_INTERPOLATED
192,1289 MAIN STREET,LEOMINSTER,MA,01453,(978) 345-4391,Open 24 hours,TRUE,,42.5656097,-71.7472833,STREET_ADDRESS: ROOFTOP
194,"114 MAIN ST, PO BOX 608",LANCASTER,MA,01561,(978) 368-7807,5 AM - 12 AM,TRUE,FALSE,42.4392629,-71.687127,STREET_ADDRESS: ROOFTOP
195,1061 MEMORIAL DRIVE,CHICOPEE,MA,01020,(413) 593-1757,5 AM - 12 AM,TRUE,FALSE,42.1870185,-72.5774017,STREET_ADDRESS: RANGE_INTERPOLATED
197,115 MENDON STREET,HOPEDALE,MA,01747,(508) 473-3792,6 AM - 10 PM,TRUE,FALSE,42.1264531,-71.5368315,STREET_ADDRESS: RANGE_INTERPOLATED
198,130 COLLEGE HWY & RT10,SOUTHAMPTON,MA,01073,(413) 527-3392,5 AM - 12 AM,TRUE,FALSE,42.2521667,-72.6992339,INTERSECTION: APPROXIMATE
199,1455 FALL RIVER AVENUE,SEEKONK,MA,02771,(508) 336-4801,Open 24 hours,TRUE,FALSE,41.786806,-71.317396,STREET_ADDRESS: ROOFTOP
200,463 CENTER ST,LUDLOW,MA,01056,(413) 547-6693,Open 24 hours,TRUE,FALSE,42.170139,-72.480233,STREET_ADDRESS: ROOFTOP
201,837 SUFFIELD STREET,AGAWAM,MA,01001,(413) 789-7434,5 AM - 12 AM,TRUE,FALSE,42.0610368,-72.6321984,STREET_ADDRESS: RANGE_INTERPOLATED
202,798 CAREW ST,SPRINGFIELD,MA,01104,(413) 827-8013,Open 24 hours,TRUE,FALSE,42.125911,-72.584099,STREET_ADDRESS: ROOFTOP
203,200 SOUTHBRIDGE RD,NORTH OXFORD,MA,01537,(508) 721-7849,Open 24 hours,TRUE,FALSE,42.172613,-71.880219,STREET_ADDRESS: ROOFTOP
208,91-93 W. MAIN STREET,HOPKINTON,MA,01748,(508) 435-5929,Open 24 hours,TRUE,FALSE,42.216459,-71.542096,STREET_ADDRESS: ROOFTOP
211,514 BELMONT AVE,SPRINGFIELD,MA,01108,(413) 746-2007,Open 24 hours,TRUE,FALSE,42.0864159,-72.5594168,STREET_ADDRESS: RANGE_INTERPOLATED
212,69 MAIN ST,WESTFIELD,MA,01085,(413) 572-0973,Open 24 hours,TRUE,FALSE,42.1205307,-72.7461522,STREET_ADDRESS: RANGE_INTERPOLATED
213,320 EAST ST,LUDLOW,MA,01056,(413) 547-2913,Open 24 hours,TRUE,FALSE,42.159225,-72.473753,STREET_ADDRESS: ROOFTOP
214,560 MAIN ST,MEDFIELD,MA,02052,(508) 359-6991,6 AM - 10 PM,TRUE,FALSE,42.185312,-71.3097265,STREET_ADDRESS: RANGE_INTERPOLATED
217,263 GRAFTON STREET,WORCESTER,MA,01604,(508) 755-7369,Open 24 hours,TRUE,,42.257605,-71.789131,STREET_ADDRESS: ROOFTOP
221,1 CHESTNUT ST,CLINTON,MA,01510,(978) 368-3532,5 AM - 12 AM,TRUE,FALSE,42.4098041,-71.6814359,STREET_ADDRESS: ROOFTOP
223,220 PLEASANT STREET,ATTLEBORO,MA,02703,(508) 223-3369,5 AM - 12 AM,TRUE,FALSE,41.9509365,-71.2735993,STREET_ADDRESS: RANGE_INTERPOLATED
226,433 SOUTH MAIN STREET,SHARON,MA,02067,(781) 793-0112,6 AM - 10 PM,TRUE,FALSE,42.106201,-71.204464,STREET_ADDRESS: ROOFTOP
1104,278 COWESSETT AVE,WEST WARWICK,RI,02893,(401) 823-1947,Open 24 hours,TRUE,FALSE,41.685295,-71.506051,STREET_ADDRESS: ROOFTOP
1108,41 NORTH MAIN ST,JAMESTOWN,RI,02835,(401) 423-2507,5 AM - 12 AM,TRUE,FALSE,41.5455284,-71.3750117,ROUTE: GEOMETRIC_CENTER
1120,261 S. MAIN STREET,WOONSOCKET,RI,02895,(401) 767-3904,5 AM - 12 AM,TRUE,,41.997779,-71.520652,STREET_ADDRESS: ROOFTOP
1121,1860 MAIN RD,TIVERTON,RI,02878,(401) 624-7175,5 AM - 12 AM,,FALSE,41.624929,-71.212873,STREET_ADDRESS: ROOFTOP
1127,275 LEGRIS AVE,WEST WARWICK,RI,02893,(401) 828-1386,Open 24 hours,TRUE,,41.6964252,-71.5030673,STREET_ADDRESS: RANGE_INTERPOLATED
1130,69 FRIENDSHIP ST,WESTERLY,RI,02891,(401) 348-6670,5 AM - 12 AM,,FALSE,41.383453,-71.825356,STREET_ADDRESS: ROOFTOP
1134,909 BOSTON NECK RD.,NARRAGANSETT,RI,02882,(401) 782-1896,5 AM - 12 AM,,FALSE,41.475757,-71.4345869,STREET_ADDRESS: ROOFTOP
1150,125 BROADWAY,NEWPORT,RI,02840,(401) 841-5207,5 AM - 12 AM,,FALSE,41.493535,-71.30933,STREET_ADDRESS: ROOFTOP
1205,704 MAIN ST,WEST WARWICK,RI,02893,(401) 828-3294,Open 24 hours,TRUE,FALSE,41.722617,-71.533222,STREET_ADDRESS: ROOFTOP
1206,823 SMITHFIELD AVE,LINCOLN,RI,02865,(401) 729-8388,5 AM - 12 AM,TRUE,FALSE,41.881288,-71.415213,STREET_ADDRESS: ROOFTOP
1209,66 MARKET ST,WARREN,RI,02885,(401) 245-5989,5 AM - 12 AM,TRUE,FALSE,41.730948,-71.280528,STREET_ADDRESS: ROOFTOP
1210,1297 BROAD ST,PROVIDENCE,RI,02905,(401) 461-6349,5 AM - 12 AM,TRUE,FALSE,41.79126,-71.4065959,STREET_ADDRESS: ROOFTOP
1214,478 BROAD STREET,CENTRAL FALLS,RI,02863,(401) 726-8244,5 AM - 12 AM,TRUE,FALSE,41.8860219,-71.3874419,STREET_ADDRESS: ROOFTOP
1215,865 POINT JUDITH RD,NARRAGANSETT,RI,02882,(401) 789-1927,Open 24 hours,TRUE,FALSE,41.38829,-71.485943,STREET_ADDRESS: ROOFTOP
1217,5687 POST RD,EAST GREENWICH,RI,02818,(401) 885-9471,5 AM - 12 AM,TRUE,FALSE,41.64101,-71.468884,STREET_ADDRESS: ROOFTOP
1218,1812 E MAIN RD,PORTSMOUTH,RI,02871,(401) 682-1648,5 AM - 12 AM,TRUE,FALSE,41.5805239,-71.252823,STREET_ADDRESS: ROOFTOP
1219,1600 NOOSENECK HILL RD,COVENTRY,RI,02816,(401) 826-7927,Open 24 hours,TRUE,FALSE,41.673387,-71.594721,STREET_ADDRESS: ROOFTOP
1224,1933 MINERAL SPRING AVE,NORTH PROVIDENCE,RI,02904,(401) 233-9246,5 AM - 12 AM,TRUE,FALSE,41.860416,-71.469245,STREET_ADDRESS: ROOFTOP
1225,350 NORTH BROADWAY,EAST PROVIDENCE,RI,02916,(401) 435-5245,5 AM - 12 AM,,FALSE,41.831702,-71.36104,STREET_ADDRESS: ROOFTOP
1227,2812 PAWTUCKET AVE,EAST PROVIDENCE,RI,02915,(401) 434-2245,Open 24 hours,TRUE,FALSE,41.797763,-71.363121,STREET_ADDRESS: ROOFTOP
1234,3377 POST RD,WARWICK,RI,02886,(401) 738-7896,5 AM - 12 AM,TRUE,FALSE,41.697241,-71.459838,STREET_ADDRESS: ROOFTOP
1236,1291 WARWICK AVE,WARWICK,RI,02888,(401) 463-8810,5 AM - 12 AM,TRUE,FALSE,41.741046,-71.408304,STREET_ADDRESS: ROOFTOP
1237,"3166 E MAIN RD, PO BX 214",PORTSMOUTH,RI,02871,(401) 682-1733,6 AM - 11 PM,TRUE,FALSE,41.614693,-71.246487,STREET_ADDRESS: ROOFTOP
1238,609 KILLINGLY ST,JOHNSTON,RI,02919,(401) 861-1094,Open 24 hours,TRUE,FALSE,41.827688,-71.472123,STREET_ADDRESS: ROOFTOP
1247,785 TIOGUE AVE,COVENTRY,RI,02816,(401) 827-6357,Open 24 hours,TRUE,FALSE,41.6819909,-71.563844,STREET_ADDRESS: ROOFTOP
1249,921 CRANSTON STREET,CRANSTON,RI,02920,(401) 464-8133,5 AM - 12 AM,TRUE,FALSE,41.801919,-71.445551,STREET_ADDRESS: ROOFTOP
1250,436 KNOTTY OAK RD.,COVENTRY,RI,02816,(401) 821-8678,5 AM - 12 AM,TRUE,FALSE,41.708134,-71.557923,STREET_ADDRESS: ROOFTOP
1251,353 WATERMAN AVE,SMITHFIELD,RI,02917,(401) 233-7872,5 AM - 12 AM,,FALSE,41.8784272,-71.5010373,STREET_ADDRESS: RANGE_INTERPOLATED
1254,"PO BOX 354, 1175 MAIN ST",WYOMING,RI,02898,(401) 539-0107,Open 24 hours,TRUE,FALSE,41.513905,-71.698518,STREET_ADDRESS: ROOFTOP
1256,2064 SMITH STREET,NORTH PROVIDENCE,RI,02911,(401) 353-7265,5 AM - 12 AM,TRUE,FALSE,41.858105,-71.486261,STREET_ADDRESS: ROOFTOP
1257,3323 S COUNTY TRL,EAST GREENWICH,RI,02818,(401) 885-3750,5 AM - 12 AM,TRUE,FALSE,41.606651,-71.49443,STREET_ADDRESS: ROOFTOP
1259,129 GRANITE ST,WESTERLY,RI,02891,(401) 348-6683,5 AM - 12 AM,TRUE,FALSE,41.370648,-71.820689,STREET_ADDRESS: ROOFTOP
1262,"BOX 1139, RTE. 1A",CHARLESTOWN,RI,02813,(401) 364-0209,Open 24 hours,TRUE,FALSE,41.3909455,-71.6792008,POSTAL_CODE: APPROXIMATE
1263,390 METACOM AVE.,BRISTOL,RI,02809,(401) 254-1306,5 AM - 11 PM,TRUE,FALSE,41.679513,-71.259701,STREET_ADDRESS: ROOFTOP
1264,94 AQUIDECK AVENUE,MIDDLETOWN,RI,02842,(401) 841-8561,Open 24 hours,TRUE,FALSE,41.492151,-71.284592,STREET_ADDRESS: ROOFTOP
1265,193 DIVISION ST,PAWTUCKET,RI,02860,(401) 727-3214,5 AM - 12 AM,TRUE,FALSE,41.873573,-71.376515,STREET_ADDRESS: ROOFTOP
1274,302 NO MAIN ST BOX 1158,SLATERSVILLE,RI,02876,(401) 762-4684,5 AM - 12 AM,TRUE,FALSE,42.0001124,-71.577588,POSTAL_CODE: APPROXIMATE
1275,3400 MENDON RD,CUMBERLAND,RI,02864,(401) 658-5015,5 AM - 12 AM,TRUE,FALSE,41.9771069,-71.459371,STREET_ADDRESS: ROOFTOP
1276,244 WASHINGTON ST,WEST WARWICK,RI,02893,(401) 827-0660,5 AM - 12 AM,TRUE,FALSE,41.7002529,-71.528302,STREET_ADDRESS: ROOFTOP
1279,659 RESERVOIR AVE,CRANSTON,RI,02910,(401) 946-9522,Open 24 hours,TRUE,FALSE,41.781371,-71.441584,STREET_ADDRESS: ROOFTOP
1280,751 HOPE ST,PROVIDENCE,RI,02906,(401) 521-3630,5 AM - 12 AM,TRUE,FALSE,41.84722,-71.395496,STREET_ADDRESS: ROOFTOP
1282,2643 HARTFORD AVE.,JOHNSTON,RI,02919,(401) 934-1513,Open 24 hours,TRUE,FALSE,41.8335859,-71.553641,STREET_ADDRESS: ROOFTOP
1284,99 FORTIN RD STE 1A,KINGSTON,RI,02881,(401) 792-9370,5 AM - 12 AM,,FALSE,41.4856089,-71.523705,SUBPREMISE: APPROXIMATE
1504,410 QUAKER ROAD,QUEENSBURY,NY,12804,(518) 792-6285,Open 24 hours,TRUE,FALSE,43.330576,-73.63638,STREET_ADDRESS: ROOFTOP
1505,1268 STATE ST,SCHENECTADY,NY,12304,(518) 382-1862,6 AM - 11 PM,TRUE,FALSE,42.7977617,-73.9236144,STREET_ADDRESS: RANGE_INTERPOLATED
1506,19 SPRING ST,SCHUYLERVILLE,NY,12871,(518) 695-4015,Open 24 hours,TRUE,FALSE,43.104126,-73.5802992,STREET_ADDRESS: RANGE_INTERPOLATED
1508,3805 MAIN STREET,WARRENSBURG,NY,12885,(518) 623-3739,Open 24 hours,TRUE,FALSE,43.4939419,-73.771472,STREET_ADDRESS: ROOFTOP
1510,1031 CRANE ST,SCHENECTADY,NY,12303,(518) 393-5539,6 AM - 11 PM,TRUE,FALSE,42.7980249,-73.9471728,STREET_ADDRESS: RANGE_INTERPOLATED
1511,222 MOHAWK AVE,SCOTIA,NY,12302,(518) 346-5537,Open 24 hours,TRUE,FALSE,42.82731,-73.96566,STREET_ADDRESS: ROOFTOP
1512,351 UPPER BROADWAY,FORT EDWARD,NY,12828,(518) 746-9062,5 AM - 12 AM,TRUE,FALSE,43.2670175,-73.5845597,LOCALITY: APPROXIMATE
1517,405 BLOOMINGROVE TPK,NEW WINDSOR,NY,12553,(845) 561-3075,5 AM - 12 AM,TRUE,,41.4643557,-74.0360012,STREET_ADDRESS: RANGE_INTERPOLATED
1518,77 ONTARIO ST,COHOES,NY,12047,(518) 235-2790,Open 24 hours,TRUE,FALSE,42.7729997,-73.6875091,STREET_ADDRESS: ROOFTOP
1520,1093 LOUDON ROAD,COHOES,NY,12047,(518) 782-0740,Open 24 hours,TRUE,FALSE,42.7833763,-73.744347,STREET_ADDRESS: RANGE_INTERPOLATED
1521,8427 MILLER HILL RD,SAND LAKE,NY,12153,(518) 674-0059,Open 24 hours,TRUE,FALSE,42.637595,-73.541571,STREET_ADDRESS: ROOFTOP
1524,499 N GREENBUSH RD,N. GREENBUSH,NY,12144,(518) 283-0092,Open 24 hours,TRUE,,42.657607,-73.692778,STREET_ADDRESS: ROOFTOP
1525,MAPLE AVE RTE 44 PO 5,MILLERTON,NY,12546,(518) 789-9060,Open 24 hours,TRUE,FALSE,41.9537035,-73.5106791,LOCALITY: APPROXIMATE
1527,77 SO. CENTRAL AVE.,MECHANICVILLE,NY,12118,(518) 664-7115,Open 24 hours,TRUE,FALSE,42.901006,-73.689798,STREET_ADDRESS: ROOFTOP
1528,2530 ALBANY ST,SCHENECTADY,NY,12304,(518) 382-1507,5 AM - 12 AM,TRUE,FALSE,42.783498,-73.912055,STREET_ADDRESS: ROOFTOP
1530,74 MAIN ST RTE 4,HUDSON FALLS,NY,12839,(518) 747-9376,Open 24 hours,TRUE,FALSE,43.3006281,-73.5859487,LOCALITY: APPROXIMATE
1534,625 PAWLING AVE,TROY,NY,12180,(518) 273-6736,Open 24 hours,TRUE,FALSE,42.7039574,-73.6583778,STREET_ADDRESS: ROOFTOP
1535,21 FEEDER STREET,HUDSON FALLS,NY,12839,(518) 746-1777,Open 24 hours,TRUE,FALSE,43.3101787,-73.5837073,STREET_ADDRESS: ROOFTOP
1540,1269 HIGHBRIDGE RD,ROTTERDAM,NY,12303,(518) 355-1008,5 AM - 12 AM,TRUE,FALSE,42.7694748,-73.9146972,STREET_ADDRESS: RANGE_INTERPOLATED
1541,"PO 1267,109 WINDERMERE AV",GREENWOOD LAKE,NY,10925,(845) 477-3851,Open 24 hours,TRUE,FALSE,41.2249655,-74.2920407,STREET_ADDRESS: RANGE_INTERPOLATED
1542,511 DUANESBURG RD,SCHENECTADY,NY,12306,(518) 356-5824,Open 24 hours,TRUE,,42.7868808,-73.9981765,STREET_ADDRESS: RANGE_INTERPOLATED
1556,63 GEORGE ST BOX 325,FORT ANN,NY,12827,(518) 639-4043,Open 24 hours,TRUE,FALSE,43.4142375,-73.4876124,LOCALITY: APPROXIMATE
1558,1286 STATE ROUTE 29,GREENWICH,NY,12834,(518) 692-9928,Open 24 hours,TRUE,FALSE,43.095754,-73.508442,STREET_ADDRESS: ROOFTOP
1559,"PO BOX 658, 236 MAIN ST",CAIRO,NY,12413,(518) 622-3957,Open 24 hours,TRUE,FALSE,42.2957068,-73.9940979,STREET_ADDRESS: RANGE_INTERPOLATED
1560,270 ROUTE 17K,NEWBURGH,NY,12550,(845) 567-4341,5 AM - 12 AM,TRUE,FALSE,41.5247999,-74.1198878,STREET_ADDRESS: RANGE_INTERPOLATED
1562,162 BROADWAY ST,PORT EWEN,NY,12466,(845) 331-1527,Open 24 hours,TRUE,FALSE,41.9075029,-73.9768126,STREET_ADDRESS: RANGE_INTERPOLATED
1564,38 BROOKSIDE AVENUE,CHESTER,NY,10918,(845) 469-1870,5 AM - 1 AM,TRUE,FALSE,41.3520295,-74.2746573,STREET_ADDRESS: RANGE_INTERPOLATED
1566,203 JEFFERSON AVENUE,CATSKILL,NY,12414,(518) 943-9233,5 AM - 12 AM,TRUE,FALSE,42.2310491,-73.8804161,STREET_ADDRESS: RANGE_INTERPOLATED
1567,"1046 KNDRHOOK ST,PO BX299",VALATIE,NY,12184,(518) 758-7172,Open 24 hours,TRUE,FALSE,42.4134168,-73.6731749,LOCALITY: APPROXIMATE
1569,260 WEST BRIDGE ST,CATSKILL,NY,12414,(518) 943-0566,Open 24 hours,TRUE,FALSE,42.2146232,-73.8810742,STREET_ADDRESS: RANGE_INTERPOLATED
1571,385 MANSION ST,WEST COXSACKIE,NY,12192,(518) 731-9893,Open 24 hours,TRUE,FALSE,42.3623621,-73.8285502,STREET_ADDRESS: RANGE_INTERPOLATED
1574,63 MILL HILL RD,WOODSTOCK,NY,12498,(845) 679-0034,Open 24 hours,TRUE,FALSE,42.039265,-74.11423,STREET_ADDRESS: ROOFTOP
1575,1075 STATE RTE 196,HUDSON FALLS,NY,12839,(518) 747-1133,Open 24 hours,TRUE,,43.3062214,-73.5631852,STREET_ADDRESS: RANGE_INTERPOLATED
1576,"PO BOX 303, RTE 32 & 81",GREENVILLE,NY,12083,(518) 966-4985,Open 24 hours,TRUE,FALSE,42.4153775,-74.0221384,INTERSECTION: APPROXIMATE
1578,103 MAPLE STREET,CORINTH,NY,12822,(518) 654-2639,Open 24 hours,TRUE,FALSE,43.245971,-73.833891,STREET_ADDRESS: ROOFTOP
1579,263 HUDSON ST,CORNWALL ON HUDSON,NY,12520,(845) 534-4458,6 AM - 11 PM,TRUE,FALSE,41.4448468,-74.0160032,STREET_ADDRESS: RANGE_INTERPOLATED
1582,75 MILTON AVENUE,BALLSTON SPA,NY,12020,(518) 884-8637,Open 24 hours,TRUE,FALSE,43.003189,-73.849198,STREET_ADDRESS: ROOFTOP
1583,2300 CURRY RD,ROTTERDAM,NY,12303,(518) 357-2724,Open 24 hours,TRUE,FALSE,42.7718559,-73.9484733,STREET_ADDRESS: RANGE_INTERPOLATED
1584,966 RTE. 9,QUEENSBURY,NY,12804,(518) 793-7451,Open 24 hours,TRUE,FALSE,43.3393592,-73.6807786,STREET_ADDRESS: RANGE_INTERPOLATED
1585,505 CAMPBELL AVENUE,TROY,NY,12180,(518) 271-9966,Open 24 hours,TRUE,FALSE,42.707536,-73.678506,STREET_ADDRESS: ROOFTOP
1586,356 EAST MAIN STREET,MIDDLETOWN,NY,10940,(845) 343-0419,5 AM - 12 AM,TRUE,FALSE,41.444923,-74.399022,STREET_ADDRESS: ROOFTOP
1587,1630 ROUTE 94,NEW WINDSOR,NY,12553,(845) 496-0308,6 AM - 12 AM,TRUE,FALSE,41.435443,-74.105374,STREET_ADDRESS: ROOFTOP
1590,451 GEYSER RD,BALLSTON SPA,NY,12020,(518) 885-3588,Open 24 hours,TRUE,FALSE,43.045501,-73.849806,STREET_ADDRESS: ROOFTOP
1591,179 BROADWAY ST,FORT EDWARD,NY,12828,(518) 747-8693,Open 24 hours,TRUE,FALSE,43.2768293,-73.5861209,ROUTE: GEOMETRIC_CENTER
1592,"ROUTE 9 & 9J, PO BOX 60",COLUMBIAVILLE,NY,12050,(518) 828-6844,5 AM - 12 AM,TRUE,FALSE,41.8361646,-73.9331508,ROUTE: GEOMETRIC_CENTER
1593,2002 E MAIN ST,AMENIA,NY,12501,(845) 373-4231,5 AM - 12 AM,TRUE,FALSE,41.8494226,-73.5571843,STREET_ADDRESS: RANGE_INTERPOLATED
1594,3205 MAIN ST RT22 BOX661,DOVER PLAINS,NY,12522,(845) 877-9053,5 AM - 12 AM,TRUE,FALSE,41.7412051,-73.5765151,LOCALITY: APPROXIMATE
1595,1351 ROUTE 9,CASTLETON,NY,12033,(518) 732-7601,Open 24 hours,TRUE,FALSE,42.514423,-73.679371,STREET_ADDRESS: ROOFTOP
1596,136 N MAIN STREET,GLOVERSVILLE,NY,12078,(518) 725-9773,Open 24 hours,TRUE,FALSE,43.054141,-74.342723,STREET_ADDRESS: ROOFTOP
1600,30 W. GRAND ST. BOX 451,PALATINE BRIDGE,NY,13428,(518) 673-5639,Open 24 hours,TRUE,FALSE,42.9105154,-74.5709069,ROUTE: GEOMETRIC_CENTER
1601,101 LAKE AVE.,LAKE LUZERNE,NY,12846,(518) 696-3344,Open 24 hours,TRUE,FALSE,43.312054,-73.834969,STREET_ADDRESS: ROOFTOP
1602,2 CHATHAM ST,NASSAU,NY,12123,(518) 766-7703,Open 24 hours,TRUE,FALSE,42.5157744,-73.6101757,STREET_ADDRESS: ROOFTOP
1603,191 BROADWAY,WHITEHALL,NY,12887,(518) 499-2341,Open 24 hours,TRUE,,43.546633,-73.405979,STREET_ADDRESS: ROOFTOP
1608,110 MAIN ST,QUEENSBURY,NY,12804,(518) 798-0934,Open 24 hours,TRUE,,43.297336,-73.67522,STREET_ADDRESS: ROOFTOP
1609,42 E MAIN ST,CAMBRIDGE,NY,12816,(518) 677-3783,Open 24 hours,TRUE,FALSE,43.027751,-73.3762244,STREET_ADDRESS: RANGE_INTERPOLATED
1610,84 BAY ST,GLENS FALLS,NY,12801,(518) 761-0659,Open 24 hours,TRUE,FALSE,43.314191,-73.64804,STREET_ADDRESS: ROOFTOP
1611,2447 ROUTE 55,HOPEWELL JUNCTION,NY,12533,(845) 227-0196,Open 24 hours,TRUE,FALSE,41.6288773,-73.696313,STREET_ADDRESS: RANGE_INTERPOLATED
1613,1288 ROUTE 9,GANSEVOORT,NY,12831,(518) 798-4137,5 AM - 12 AM,TRUE,FALSE,43.1791856,-73.7466406,STREET_ADDRESS: RANGE_INTERPOLATED
1614,78 QUAKER ST,GRANVILLE,NY,12832,(518) 642-2489,Open 24 hours,TRUE,FALSE,43.399389,-73.265462,STREET_ADDRESS: ROOFTOP
1615,1196 CENTRAL AVE,ALBANY,NY,12205,(518) 435-1362,7 AM - 11 PM,TRUE,FALSE,42.6938727,-73.805822,STREET_ADDRESS: RANGE_INTERPOLATED
1617,251 HIGHLAND AVE,MIDDLETOWN,NY,10940,(845) 343-9259,5 AM - 12 AM,TRUE,FALSE,41.4620033,-74.4126958,STREET_ADDRESS: RANGE_INTERPOLATED
1618,1870 WESTERN AVE,ALBANY,NY,12203,(518) 862-0194,6 AM - 12 AM,TRUE,FALSE,42.692146,-73.874026,STREET_ADDRESS: ROOFTOP
1619,RT 22 & 43,STEPHENTOWN,NY,12168,(518) 733-6409,5 AM - 12 AM,TRUE,FALSE,42.547768,-73.3687091,INTERSECTION: APPROXIMATE
1620,"7582 MAIN ST, PO BOX 538",HUNTER,NY,12442,(518) 263-5015,Open 24 hours,TRUE,FALSE,42.20576,-74.202793,STREET_ADDRESS: ROOFTOP
1621,1032 ROUTE 146,CLIFTON PARK,NY,12065,(518) 383-9957,Open 24 hours,TRUE,,42.8698971,-73.8195342,STREET_ADDRESS: RANGE_INTERPOLATED
1624,18 EAST MAIN STREET,ST JOHNSVILLE,NY,13452,(518) 568-3509,Open 24 hours,TRUE,FALSE,42.999196,-74.6798699,STREET_ADDRESS: ROOFTOP
1625,76 MAIN STREET,PHILMONT,NY,12565,(518) 672-5325,5 AM - 12 AM,TRUE,FALSE,42.2487051,-73.6509287,STREET_ADDRESS: RANGE_INTERPOLATED
1626,430 RTE 9W PO BOX 337,GLENMONT,NY,12077,(518) 432-9154,5 AM - 12 AM,TRUE,,42.600637,-73.792319,STREET_ADDRESS: ROOFTOP
1659,25 CHURCH ST,HOOSICK FALLS,NY,12090,(518) 686-7183,Open 24 hours,TRUE,FALSE,42.900887,-73.352465,STREET_ADDRESS: ROOFTOP
1662,"68 ROUTE 9W, PO BOX 337",GLENMONT,NY,12077,(518) 434-0293,Open 24 hours,TRUE,,42.62106,-73.776798,STREET_ADDRESS: ROOFTOP
1670,1610 ROUND SWAMP,PLAINVIEW,NY,11803,(516) 694-9098,Open 24 hours,TRUE,,40.7798653,-73.4448897,STREET_ADDRESS: RANGE_INTERPOLATED
1671,200 S OYSTER BAY,SYOSSET,NY,11791,(516) 496-3433,Open 24 hours,TRUE,FALSE,40.7985,-73.503371,STREET_ADDRESS: ROOFTOP
1676,2477 RT 9W; PO BOX 303,RAVENA,NY,12143,(518) 756-7395,Open 24 hours,TRUE,FALSE,42.46736,-73.816652,STREET_ADDRESS: ROOFTOP
1680,50 W JERICHO TPKE,HUNTINGTON STATION,NY,11746,(631) 427-6100,Open 24 hours,TRUE,,40.828066,-73.412056,STREET_ADDRESS: ROOFTOP
1682,498 COUNTY ROAD 111,MANORVILLE,NY,11949,(631) 878-6655,Open 24 hours,TRUE,,40.848016,-72.7384565,STREET_ADDRESS: RANGE_INTERPOLATED
1683,13 COUNTY ROAD 39,SOUTHAMPTON,NY,11968,(631) 283-7257,5 AM - 12 AM,TRUE,,40.896718,-72.398908,STREET_ADDRESS: ROOFTOP
1684,29 WEST MAIN ST,FONDA,NY,12068,(518) 853-3306,Open 24 hours,TRUE,,42.954962,-74.371695,STREET_ADDRESS: ROOFTOP
2221,215 W MAIN ST,HYANNIS,MA,02601,(508) 778-7187,5 AM - 12 AM,,FALSE,41.6475639,-70.3046271,STREET_ADDRESS: ROOFTOP
2227,864 STAFFORD ROAD,FALL RIVER,MA,02721,(508) 324-1817,7 AM - 11 PM,TRUE,FALSE,41.677227,-71.154696,STREET_ADDRESS: ROOFTOP
2229,2 PEMBROKE ST,KINGSTON,MA,02364,(781) 585-2907,Open 24 hours,TRUE,FALSE,41.9954105,-70.7420328,STREET_ADDRESS: RANGE_INTERPOLATED
2232,100 SHANK PAINTER ROAD,PROVINCETOWN,MA,02657,(508) 487-3217,Open 24 hours,TRUE,FALSE,42.053437,-70.1961199,STREET_ADDRESS: ROOFTOP
2233,176 SOUTH MAIN STREET,ACUSHNET,MA,02743,(508) 998-8824,5 AM - 12 AM,,FALSE,41.680507,-70.9092679,STREET_ADDRESS: ROOFTOP
2234,596 STATE RD,WESTPORT,MA,02790,(508) 324-1578,Open 24 hours,TRUE,FALSE,41.660963,-71.0842118,STREET_ADDRESS: RANGE_INTERPOLATED
2236,"105 MAIN ST, PO BOX 318",CARVER,MA,02330,(508) 866-2657,5 AM - 12 AM,,FALSE,41.915717,-70.8024599,STREET_ADDRESS: RANGE_INTERPOLATED
2238,200 CENTER ST,MIDDLEBORO,MA,02346,(508) 946-6117,5 AM - 12 AM,TRUE,FALSE,41.8932217,-70.912468,STREET_ADDRESS: RANGE_INTERPOLATED
2244,89-95 HUTTLESON AVE.,FAIRHAVEN,MA,02719,(508) 984-1663,Open 24 hours,TRUE,FALSE,41.6444559,-70.8970149,STREET_ADDRESS: ROOFTOP
2251,1115 GAR HIGHWAY,SWANSEA,MA,02777,(508) 675-8690,Open 24 hours,TRUE,FALSE,41.754822,-71.235794,ROUTE: GEOMETRIC_CENTER
2259,169 MAIN STREET,WAREHAM,MA,02571,(508) 295-9846,5 AM - 12 AM,,FALSE,41.7575113,-70.7144788,STREET_ADDRESS: RANGE_INTERPOLATED
2262,1297 ROUTE 28,SOUTH YARMOUTH,MA,02664,(508) 760-5137,5 AM - 12 AM,,FALSE,41.6670012,-70.1889574,STREET_ADDRESS: RANGE_INTERPOLATED
2268,626 MAIN ST (RT 28),WEST YARMOUTH,MA,02673,(508) 771-6183,5 AM - 12 AM,TRUE,FALSE,41.6501114,-70.2411312,POLITICAL: APPROXIMATE
2269,16 WEST BAY RD,OSTERVILLE,MA,02655,(508) 420-8168,5 AM - 11 PM,,FALSE,41.627573,-70.383743,STREET_ADDRESS: ROOFTOP
2272,2360 CRANBERRY HIGHWAY,WEST WAREHAM,MA,02576,(508) 273-0038,Open 24 hours,TRUE,FALSE,41.7883227,-70.7505964,STREET_ADDRESS: RANGE_INTERPOLATED
2273,809 MAIN RD,WESTPORT,MA,02790,(508) 636-3965,5 AM - 12 AM,TRUE,FALSE,41.5798911,-71.0900281,STREET_ADDRESS: ROOFTOP
2275,757 ASHLEY BLVD,NEW BEDFORD,MA,02745,(508) 985-9583,Open 24 hours,TRUE,FALSE,41.680327,-70.933956,STREET_ADDRESS: ROOFTOP
2277,810 ROCKDALE AVE &KEMPTON,NEW BEDFORD,MA,02740,(508) 991-8715,Open 24 hours,TRUE,FALSE,41.6354428,-70.9490163,INTERSECTION: APPROXIMATE
2280,115 ORANGE STREET,NANTUCKET,MA,02554,(508) 228-7071,5 AM - 12 AM,,FALSE,41.275821,-70.094742,STREET_ADDRESS: ROOFTOP
2286,4548 NORTH MAIN ST,FALL RIVER,MA,02720,(508) 676-1339,Open 24 hours,TRUE,FALSE,41.756526,-71.119433,STREET_ADDRESS: ROOFTOP
2287,2012 ACUSHNET AVE,NEW BEDFORD,MA,02745,(508) 985-9593,5 AM - 12 AM,TRUE,FALSE,41.676417,-70.923001,STREET_ADDRESS: ROOFTOP
2288,68 MAIN STREET,FAIRHAVEN,MA,02719,(508) 990-9779,5 AM - 12 AM,TRUE,FALSE,41.6375521,-70.9052073,STREET_ADDRESS: RANGE_INTERPOLATED
2290,775 BROCK AVE.,NEW BEDFORD,MA,02744,(508) 984-8016,5 AM - 11 PM,TRUE,FALSE,41.611486,-70.914498,STREET_ADDRESS: ROOFTOP
2292,87 EAST GROVE ST,MIDDLEBORO,MA,02346,(508) 923-0325,Open 24 hours,TRUE,FALSE,41.8795389,-70.8985658,STREET_ADDRESS: RANGE_INTERPOLATED
2294,244 RUSSELLS MLLS RD,SOUTH DARTMOUTH,MA,02748,(508) 990-9729,5 AM - 12 AM,TRUE,FALSE,41.6027533,-70.959578,STREET_ADDRESS: RANGE_INTERPOLATED
2295,375 BARNSTABLE RD,HYANNIS,MA,02601,(508) 790-7118,5 AM - 12 AM,TRUE,FALSE,41.663204,-70.286731,STREET_ADDRESS: ROOFTOP
2296,154 SAMOSET ST,PLYMOUTH,MA,02360,(508) 830-1479,Open 24 hours,TRUE,FALSE,41.952907,-70.6853334,STREET_ADDRESS: RANGE_INTERPOLATED
2298,"435 SHORE RD, PO BOX 659",MONUMENT BCH,MA,02553,(508) 743-9314,5 AM - 11 PM,TRUE,FALSE,41.7191199,-70.613822,STREET_ADDRESS: ROOFTOP
2299,1055 WASHINGTON ST,EAST BRIDGEWATER,MA,02333,(508) 378-7446,5 AM - 12 AM,TRUE,FALSE,42.038281,-70.9215912,STREET_ADDRESS: RANGE_INTERPOLATED
2301,114 STATE ROAD,NORTH DARTMOUTH,MA,02747,(508) 997-6431,Open 24 hours,TRUE,FALSE,41.638478,-70.970119,STREET_ADDRESS: ROOFTOP
2302,160 MAIN ST,BUZZARDS BAY,MA,02532,(508) 759-1960,Open 24 hours,TRUE,FALSE,41.746392,-70.609482,STREET_ADDRESS: ROOFTOP
2304,9 LAGOON POND RD BX 1227,VINEYARD HAVEN,MA,02568,(508) 693-8729,5 AM - 12 AM,,FALSE,41.4542786,-70.6036395,POLITICAL: APPROXIMATE
2305,578 MAIN ST RTE 28,HARWICHPORT,MA,02646,(508) 430-2597,5 AM - 12 AM,TRUE,FALSE,41.6694978,-70.0591278,NEIGHBORHOOD: APPROXIMATE
2307,"PO BOX 1445, ROUTE 6",WELLFLEET,MA,02667,(508) 349-2695,5 AM - 11 PM,,FALSE,41.9309262,-70.0179039,ROUTE: GEOMETRIC_CENTER
2312,33 MAIN STREET,BRIDGEWATER,MA,02324,(508) 279-1439,Open 24 hours,TRUE,FALSE,41.9902195,-70.9754248,STREET_ADDRESS: RANGE_INTERPOLATED
2313,1 DEPOT STREET,EAST WAREHAM,MA,02538,(508) 273-0312,Open 24 hours,,FALSE,41.7597478,-70.6747069,STREET_ADDRESS: RANGE_INTERPOLATED
2314,389 ANAWAN STREET,REHOBOTH,MA,02769,(508) 252-5641,5 AM - 12 AM,TRUE,FALSE,41.8555176,-71.2387777,STREET_ADDRESS: RANGE_INTERPOLATED
2315,460 ROUTE 134,SOUTH DENNIS,MA,02660,(508) 398-2980,Open 24 hours,TRUE,FALSE,41.6922921,-70.1527366,STREET_ADDRESS: RANGE_INTERPOLATED
2317,984-N MAIN STREET,BROCKTON,MA,02301,(508) 583-1527,5 AM - 11 PM,,FALSE,42.1092192,-71.0309977,STREET_ADDRESS: RANGE_INTERPOLATED
2318,1001 PLEASANT STREET,BRIDGEWATER,MA,02324,(508) 279-1565,Open 24 hours,TRUE,FALSE,41.9715557,-71.0077899,STREET_ADDRESS: RANGE_INTERPOLATED
2319,2 MAIN ST PO BOX 693,HANSON,MA,02341,(781) 293-9379,5 AM - 12 AM,TRUE,FALSE,42.0435163,-70.842069,STREET_ADDRESS: RANGE_INTERPOLATED
2320,520 WILBUR AVE.,SWANSEA,MA,02777,(508) 677-9466,Open 24 hours,TRUE,FALSE,41.732073,-71.211853,STREET_ADDRESS: ROOFTOP
2322,3 FOSTER SQUARE,EAST BREWSTER,MA,02631,(508) 896-8871,5 AM - 12 AM,TRUE,FALSE,41.7657949,-70.0646779,STREET_ADDRESS: RANGE_INTERPOLATED
2323,1813 MAIN STREET,BROCKTON,MA,02301,(508) 427-8521,5 AM - 12 AM,TRUE,FALSE,42.0492117,-71.0110541,STREET_ADDRESS: ROOFTOP
2324,142 ROCKDALE AVE,DARTMOUTH,MA,02748,(508) 992-7503,Open 24 hours,TRUE,,41.6147742,-70.9370821,STREET_ADDRESS: ROOFTOP
2325,141 BROADWAY,TAUNTON,MA,02780,(508) 823-4905,5 AM - 12 AM,TRUE,FALSE,41.9099519,-71.0919802,STREET_ADDRESS: ROOFTOP
2326,389 WEST MAIN STREET,HYANNIS,MA,02601,(508) 790-0227,5 AM - 12 AM,TRUE,FALSE,41.6490175,-70.3109014,STREET_ADDRESS: RANGE_INTERPOLATED
2327,90 N MAIN STREET,CARVER,MA,02330,(508) 866-3980,Open 24 hours,TRUE,FALSE,41.9197738,-70.8033273,STREET_ADDRESS: ROOFTOP
2332,280 TEMPLE STREET,WHITMAN,MA,02382,(781) 447-0079,5 AM - 11 PM,TRUE,FALSE,42.0808426,-70.9474915,STREET_ADDRESS: RANGE_INTERPOLATED
2333,485 WAQUOIT HWY.,WAQUOIT,MA,02536,(508) 457-1175,5 AM - 12 AM,TRUE,FALSE,41.587318,-70.516914,STREET_ADDRESS: ROOFTOP
2337,406 WAREHAM RD.,MARION,MA,02738,(508) 748-3470,5 AM - 12 AM,TRUE,,41.7147693,-70.7707986,STREET_ADDRESS: RANGE_INTERPOLATED
2339,292 PLYMOUTH ST,HALIFAX,MA,02338,(781) 294-7235,Open 24 hours,TRUE,FALSE,41.9959706,-70.8440824,STREET_ADDRESS: RANGE_INTERPOLATED
2340,318 COUNTY STREET,TAUNTON,MA,02780,(508) 884-2955,5 AM - 12 AM,TRUE,FALSE,41.893126,-71.072059,STREET_ADDRESS: ROOFTOP
2342,797 EAST MAIN ST,FALMOUTH,MA,02540,(508) 457-1680,5 AM - 12 AM,TRUE,FALSE,41.553789,-70.6017619,STREET_ADDRESS: ROOFTOP
2346,400 FALMOUTH HWY & RT 28,EAST FALMOUTH,MA,02536,(508) 540-6136,5 AM - 12 AM,TRUE,,41.578543,-70.5589452,STREET_ADDRESS: RANGE_INTERPOLATED
2347,4 MACARTHUR BLVD.,BOURNE,MA,02532,(508) 759-6116,Open 24 hours,TRUE,,41.742258,-70.58687,STREET_ADDRESS: ROOFTOP
2348,1171 IYANNOUGH RD,HYANNIS,MA,02601,(508) 771-5360,Open 24 hours,TRUE,FALSE,41.674517,-70.3084766,STREET_ADDRESS: RANGE_INTERPOLATED
2349,1205 BELMONT STREET,BROCKTON,MA,02301,(508) 588-0272,Open 24 hours,TRUE,FALSE,42.0608003,-71.0641478,STREET_ADDRESS: RANGE_INTERPOLATED
2352,119 CRANBERRY HWY,ORLEANS,MA,02653,(508) 240-0282,5 AM - 12 AM,TRUE,FALSE,41.7871412,-69.9924968,STREET_ADDRESS: RANGE_INTERPOLATED
2353,8 NORTH MAIN STREET,WEST BRIDGEWATER,MA,02379,(508) 894-0270,Open 24 hours,TRUE,FALSE,42.0193727,-71.0082496,STREET_ADDRESS: RANGE_INTERPOLATED
2358,849 MAIN STREET,CHATHAM,MA,02633,(508) 945-8961,Open 24 hours,TRUE,FALSE,41.6852977,-69.9676157,STREET_ADDRESS: RANGE_INTERPOLATED
2365,143 BEDFORD STREET,EAST BRIDGEWATER,MA,02333,(508) 378-1329,Open 24 hours,TRUE,FALSE,42.0301885,-70.9585059,STREET_ADDRESS: RANGE_INTERPOLATED
2367,"137 CENTER ST, PO BOX 114",PEMBROKE,MA,02359,(781) 293-5426,5 AM - 12 AM,TRUE,FALSE,42.0692951,-70.8100373,STREET_ADDRESS: RANGE_INTERPOLATED
3336,377 NANTASKET AVE,HULL,MA,02045,(781) 925-9909,5 AM - 12 AM,,FALSE,42.2788898,-70.8678014,STREET_ADDRESS: RANGE_INTERPOLATED
3377,295 SALEM ST,READING,MA,01867,(781) 944-2263,6 AM - 11 PM,TRUE,FALSE,42.525612,-71.0846947,STREET_ADDRESS: RANGE_INTERPOLATED
3409,20 MAIN ST,TOPSFIELD,MA,01983,(978) 887-7036,5 AM - 10 PM,,FALSE,42.6388644,-70.9509027,STREET_ADDRESS: RANGE_INTERPOLATED
3415,805 NANTASKET AVE,HULL,MA,02045,(781) 925-4618,5 AM - 12 AM,,FALSE,42.3018211,-70.8834307,STREET_ADDRESS: RANGE_INTERPOLATED
3435,48 REVERE ST,WINTHROP,MA,02152,(617) 846-6189,5 AM - 12 AM,TRUE,FALSE,42.382175,-70.9809749,STREET_ADDRESS: RANGE_INTERPOLATED
3441,1185 WASHINGTON ST,WALPOLE,MA,02081,(508) 668-0466,5 AM - 11 PM,TRUE,FALSE,42.1313032,-71.2418666,STREET_ADDRESS: RANGE_INTERPOLATED
3450,499 WASHINGTON ST,STOUGHTON,MA,02072,(781) 341-2065,5 AM - 12 AM,TRUE,FALSE,42.1325815,-71.1017303,STREET_ADDRESS: RANGE_INTERPOLATED
3455,1340 MAIN ST,WALPOLE,MA,02081,(508) 668-0583,5 AM - 11 PM,TRUE,FALSE,42.1349303,-71.2607021,STREET_ADDRESS: RANGE_INTERPOLATED
3462,5 LIBERTY SQUARE,WEYMOUTH,MA,02190,(781) 337-8503,Open 24 hours,,FALSE,42.1632309,-70.9293182,STREET_ADDRESS: ROOFTOP
3464,309 PARK STREET,STOUGHTON,MA,02072,(781) 341-4228,5 AM - 12 AM,TRUE,FALSE,42.1201141,-71.0906082,STREET_ADDRESS: RANGE_INTERPOLATED
3471,235 SOUTH MAIN STREET,OXFORD,MA,01540,(508) 987-0858,5 AM - 12 AM,TRUE,FALSE,42.1103189,-71.865993,STREET_ADDRESS: ROOFTOP
3490,628 EAST FIFTH STREET,SOUTH BOSTON,MA,02127,(617) 268-0728,6 AM - 11 PM,,FALSE,42.334125,-71.035515,STREET_ADDRESS: ROOFTOP
3493,301 BOSTON ROAD,NORTH BILLERICA,MA,01862,(978) 670-6415,Open 24 hours,TRUE,,42.572142,-71.27825,STREET_ADDRESS: ROOFTOP
3496,120 THOREAU STREET,CONCORD,MA,01742,(978) 287-5778,5 AM - 12 AM,TRUE,FALSE,42.4560444,-71.3564474,STREET_ADDRESS: ROOFTOP
3499,831 WASHINGTON ST,BRAINTREE,MA,02184,(781) 356-4336,6 AM - 11 PM,TRUE,FALSE,42.2045633,-71.0049217,STREET_ADDRESS: RANGE_INTERPOLATED
3501,426 LOWELL AVENUE,HAVERHILL,MA,01830,(978) 373-9911,Open 24 hours,TRUE,FALSE,42.7741514,-71.1158555,STREET_ADDRESS: RANGE_INTERPOLATED
3508,188 LITTLETON ROAD,WESTFORD,MA,01886,(978) 692-3091,5 AM - 11 PM,TRUE,FALSE,42.5629688,-71.4295616,ROUTE: GEOMETRIC_CENTER
3516,31 DRUM HILL ROAD,CHELMSFORD,MA,01824,(978) 453-7872,Open 24 hours,TRUE,FALSE,42.6233183,-71.3642413,STREET_ADDRESS: RANGE_INTERPOLATED
3524,148 CHESTNUT HILL AVE,BRIGHTON,MA,02135,(617) 782-4601,6 AM - 12 AM,TRUE,FALSE,42.342021,-71.153869,STREET_ADDRESS: ROOFTOP
3529,1195 BOYLSTON ST,BROOKLINE,MA,02467,(617) 731-8380,6 AM - 12 AM,TRUE,FALSE,42.3235711,-71.1642346,STREET_ADDRESS: ROOFTOP
3531,701 SOMERVILLE AVE,SOMERVILLE,MA,02143,(617) 776-3596,6 AM - 12 AM,TRUE,FALSE,42.3856342,-71.113825,STREET_ADDRESS: RANGE_INTERPOLATED
3532,323 MAIN STREET,HAVERHILL,MA,01830,(978) 372-4155,5 AM - 12 AM,TRUE,FALSE,42.7815017,-71.0770826,STREET_ADDRESS: RANGE_INTERPOLATED
3533,1634 TURNPIKE STREET,STOUGHTON,MA,02072,(781) 297-0925,5 AM - 12 AM,TRUE,FALSE,42.153401,-71.07425,STREET_ADDRESS: ROOFTOP
3535,801 MASSACHUSETTS AVE,BOSTON,MA,02118,(617) 427-4152,Open 24 Hours,,FALSE,42.333305,-71.0734149,STREET_ADDRESS: ROOFTOP
4528,284 MAIN STREET SOUTH,SOUTHBURY,CT,06488,(203) 264-4992,5 AM - 11 PM,,FALSE,41.4736402,-73.2209416,STREET_ADDRESS: RANGE_INTERPOLATED
4555,207 SO MAIN ST,TORRINGTON,CT,06790,(860) 482-3502,Open 24 hours,TRUE,FALSE,41.79605,-73.12018,STREET_ADDRESS: ROOFTOP
4565,177 MAIN STREET,DEEP RIVER,CT,06417,(860) 526-2556,5 AM - 12 AM,TRUE,,41.3854137,-72.43561,STREET_ADDRESS: RANGE_INTERPOLATED
4567,412 LAUREL HILL AVE,NORWICH,CT,06360,(860) 886-4638,5 AM - 12 AM,TRUE,FALSE,41.5093489,-72.0754031,STREET_ADDRESS: RANGE_INTERPOLATED
4573,291 SPIELMAN HWY,BURLINGTON,CT,06013,(860) 673-6520,Open 24 hours,TRUE,FALSE,41.7702436,-72.9702528,STREET_ADDRESS: RANGE_INTERPOLATED
4590,1439 NEW LITCHFIELD RD,TORRINGTON,CT,06790,(860) 496-7974,5 AM - 12 AM,TRUE,FALSE,41.78395,-73.152536,STREET_ADDRESS: ROOFTOP
4595,171 WOODSTOCK AVE.,PUTNAM,CT,06260,(860) 928-2374,Open 24 hours,TRUE,FALSE,41.924251,-71.9178158,STREET_ADDRESS: RANGE_INTERPOLATED
4618,2090 FOXON ROAD,NORTH BRANFORD,CT,06471,(203) 488-1613,5 AM - 12 AM,TRUE,FALSE,41.335535,-72.7561888,STREET_ADDRESS: RANGE_INTERPOLATED
4619,1655 MERIDEN RD,WOLCOTT,CT,06716,(203) 879-3848,Open 24 hours,TRUE,FALSE,41.5551326,-72.9585874,STREET_ADDRESS: RANGE_INTERPOLATED
4624,705 MIGEON AVE,TORRINGTON,CT,06790,(860) 489-2865,Open 24 hours,TRUE,FALSE,41.814298,-73.1374683,STREET_ADDRESS: ROOFTOP
4630,729 HARTFORD PIKE,DAYVILLE,CT,06241,(860) 779-0536,5 AM - 12 AM,,FALSE,41.8400589,-71.8753119,STREET_ADDRESS: ROOFTOP
4632,567 WAUREGAN ROAD,DANIELSON,CT,06239,(860) 774-7588,5 AM - 12 AM,TRUE,FALSE,41.765279,-71.900487,STREET_ADDRESS: ROOFTOP
4637,215 MONTAUK AVENUE,NEW LONDON,CT,06320,(860) 442-5032,5 AM - 11 PM,TRUE,FALSE,41.3490814,-72.1072575,STREET_ADDRESS: ROOFTOP
4639,863 NORWICH NEW LONDON TP,UNCASVILLE,CT,06382,(860) 848-3421,Open 24 hours,TRUE,FALSE,41.4601945,-72.106068,POSTAL_CODE: APPROXIMATE
4642,909 QUEEN STREET,SOUTHINGTON,CT,06489,(860) 276-8786,5 AM - 12 AM,TRUE,FALSE,41.641553,-72.873677,STREET_ADDRESS: ROOFTOP
4645,1855 BERLIN TPKE,WETHERSFIELD,CT,06109,(860) 257-3916,Open 24 hours,TRUE,FALSE,41.7036749,-72.703247,STREET_ADDRESS: ROOFTOP
4650,1082 EAST MAIN ST,TORRINGTON,CT,06790,(860) 482-9566,Open 24 hours,TRUE,FALSE,41.814119,-73.0973899,STREET_ADDRESS: RANGE_INTERPOLATED
4651,109 MAIN ST,WINSTED,CT,06098,(860) 379-6630,Open 24 hours,TRUE,FALSE,41.9172677,-73.0564585,STREET_ADDRESS: RANGE_INTERPOLATED
4654,269 EAST CENTER ST,MANCHESTER,CT,06040,(860) 646-4445,5 AM - 12 AM,,FALSE,41.777858,-72.511323,STREET_ADDRESS: ROOFTOP
4657,47 NORWICH NEW LONDON TPK,QUAKER HILL,CT,06375,(860) 443-4087,5 AM - 12 AM,TRUE,FALSE,41.4606383,-72.1047123,ROUTE: GEOMETRIC_CENTER
4658,136 MAIN ST,NORWALK,CT,06851,(203) 847-2604,5 AM - 12 AM,TRUE,FALSE,41.124442,-73.416025,STREET_ADDRESS: ROOFTOP
4659,64 BROAD ST,PLAINVILLE,CT,06062,(860) 747-9186,5 AM - 12 AM,TRUE,FALSE,41.6678752,-72.8672974,STREET_ADDRESS: RANGE_INTERPOLATED
4660,194 EAST STREET,NEW BRITAIN,CT,06051,(860) 224-1686,5 AM - 11 PM,TRUE,FALSE,41.658409,-72.764643,STREET_ADDRESS: ROOFTOP
4668,527 N. MAIN STREET,NAUGATUCK,CT,06770,(203) 729-5983,Open 24 hours,TRUE,FALSE,41.5024856,-73.0466781,STREET_ADDRESS: RANGE_INTERPOLATED
4679,412 JACKSON STREET,WILLIMANTIC,CT,06226,(860) 423-5436,Open 24 hours,TRUE,FALSE,41.721146,-72.2030033,STREET_ADDRESS: RANGE_INTERPOLATED
4681,5 WAPPINGWOOD ROAD,ELLINGTON,CT,06029,(860) 871-0168,Open 24 hours,TRUE,FALSE,41.8670661,-72.4933792,STREET_ADDRESS: RANGE_INTERPOLATED
4682,141 PARK ROAD,WEST HARTFORD,CT,06119,(860) 232-8061,5 AM - 12 AM,TRUE,FALSE,41.757447,-72.721135,STREET_ADDRESS: ROOFTOP
4685,191 CENTRAL ST,FORESTVILLE,CT,06010,(860) 589-2576,5 AM - 12 AM,TRUE,FALSE,41.6742338,-72.8982449,STREET_ADDRESS: RANGE_INTERPOLATED
4687,1087 OLD COLONY RD,MERIDEN,CT,06450,(203) 639-0923,5 AM - 12 AM,TRUE,FALSE,41.5683673,-72.7791309,STREET_ADDRESS: RANGE_INTERPOLATED
4689,273 MITCHELL STREET,GROTON,CT,06340,(860) 449-1846,Open 24 hours,TRUE,FALSE,41.349602,-72.0765009,STREET_ADDRESS: ROOFTOP
4690,1588 WATERTOWN AVE,WATERBURY,CT,06708,(203) 756-2650,5 AM - 12 AM,TRUE,FALSE,41.584183,-73.074618,STREET_ADDRESS: ROOFTOP
4693,33 POMPEY HOLLOW ROAD,ASHFORD,CT,06278,(860) 429-8074,Open 24 hours,TRUE,FALSE,41.8628762,-72.1630977,STREET_ADDRESS: ROOFTOP
4694,82 SOUTH MAIN ST,THOMASTON,CT,06787,(860) 283-6429,Open 24 hours,TRUE,FALSE,41.670626,-73.077021,STREET_ADDRESS: ROOFTOP
4698,184 MAIN ST,BALTIC,CT,06330,(860) 822-1541,5 AM - 12 AM,TRUE,FALSE,41.6132506,-72.0751057,STREET_ADDRESS: ROOFTOP
4699,"859 RIVERSIDE DR, BOX 826",NORTH GROSVENORDALE,CT,06255,(860) 923-3133,5 AM - 12 AM,TRUE,FALSE,41.9856531,-71.8986833,NEIGHBORHOOD: APPROXIMATE
4704,819 RIVER RD.,SHELTON,CT,06484,(203) 929-5335,Open 24 hours,TRUE,FALSE,41.2621242,-73.0954562,STREET_ADDRESS: RANGE_INTERPOLATED
4707,204 MARLBOROUGH STREET,PORTLAND,CT,06480,(860) 342-4450,5 AM - 12 AM,TRUE,FALSE,41.570001,-72.632078,STREET_ADDRESS: ROOFTOP
4708,69 RUBBER AVE,NAUGATUCK,CT,06770,(203) 729-2960,Open 24 hours,TRUE,FALSE,41.4871192,-73.0570629,STREET_ADDRESS: RANGE_INTERPOLATED
4709,464 RIVER RD,SHELTON,CT,06484,(203) 924-2617,5 AM - 12 AM,TRUE,FALSE,41.2896331,-73.076356,STREET_ADDRESS: ROOFTOP
4710,723 WOLCOTT RD,WOLCOTT,CT,06716,(203) 879-1734,Open 24 hours,TRUE,FALSE,41.6017013,-72.9865051,STREET_ADDRESS: RANGE_INTERPOLATED
4713,937 BROAD ST,MERIDEN,CT,06450,(203) 686-0352,Open 24 hours,TRUE,FALSE,41.544147,-72.784323,STREET_ADDRESS: ROOFTOP
4716,5 PERSHING DR,ANSONIA,CT,06401,(203) 732-4483,Open 24 hours,TRUE,FALSE,41.33318,-73.084211,STREET_ADDRESS: ROOFTOP
4720,82 MAIN ST.,CENTERBROOK,CT,06409,(860) 767-1998,5 AM - 12 AM,TRUE,FALSE,41.3512238,-72.418964,ROUTE: GEOMETRIC_CENTER
4721,38 BERLIN ROAD,CROMWELL,CT,06416,(860) 635-5204,Open 24 hours,TRUE,FALSE,41.60227,-72.6846363,STREET_ADDRESS: RANGE_INTERPOLATED
4727,10 RIVER RD.,STAFFORD SPRINGS,CT,06076,(860) 684-6220,Open 24 hours,TRUE,FALSE,41.9512757,-72.3040506,STREET_ADDRESS: RANGE_INTERPOLATED
4731,2525 EAST MAIN,BRIDGEPORT,CT,06610,(203) 367-7140,5 AM - 12 AM,TRUE,FALSE,41.2096585,-73.1789283,STREET_ADDRESS: RANGE_INTERPOLATED
4733,690 POST ROAD EAST,WESTPORT,CT,06880,(203) 227-6282,5 AM - 12 AM,TRUE,FALSE,41.1376022,-73.3419272,STREET_ADDRESS: RANGE_INTERPOLATED
4735,633 BOSTON POST ROAD,MADISON,CT,06443,(203) 318-0032,5 AM - 12 AM,TRUE,,41.279772,-72.597547,STREET_ADDRESS: ROOFTOP
4736,1290 WEST BROAD STREET,STRATFORD,CT,06615,(203) 375-2287,Open 24 hours,TRUE,,41.1914882,-73.1361455,STREET_ADDRESS: RANGE_INTERPOLATED
4738,1023 POST ROAD,MILFORD,CT,06460,(203) 877-9302,Open 24 hours,TRUE,FALSE,41.2318349,-73.04557,STREET_ADDRESS: ROOFTOP
4739,975 KINGS HWY & CHAMBERS,FAIRFIELD,CT,06825,(203) 336-5674,Open 24 hours,TRUE,FALSE,41.1669133,-73.2336111,INTERSECTION: APPROXIMATE
4741,2875 MAIN STREET,GLASTONBURY,CT,06033,(860) 633-2310,Open 24 hours,TRUE,,41.721692,-72.615379,STREET_ADDRESS: ROOFTOP
4742,1132 MAIN STREET,WILLIMANTIC,CT,06226,(860) 456-2580,Open 24 hours,TRUE,FALSE,41.713492,-72.2223661,STREET_ADDRESS: RANGE_INTERPOLATED
4743,19 HARTFORD AVE,GRANBY,CT,06035,(860) 844-8063,Open 24 hours,TRUE,FALSE,41.950711,-72.787103,STREET_ADDRESS: ROOFTOP
4744,12 SOUTH MAIN STREET,MOOSUP,CT,06354,(860) 564-5028,Open 24 hours,TRUE,FALSE,41.712311,-71.881877,STREET_ADDRESS: ROOFTOP
4746,6 OLD WINDSOR RD.,BLOOMFIELD,CT,06002,(860) 243-5620,Open 24 hours,TRUE,FALSE,41.8566901,-72.7041885,STREET_ADDRESS: RANGE_INTERPOLATED
4747,"2 KNOLLWOOD DR., SUITE 2",CANTERBURY,CT,06331,(860) 546-9102,5 AM - 12 AM,TRUE,,41.6943668,-71.9962425,SUBPREMISE: APPROXIMATE
4748,352 SCOTT SWAMP RD.,FARMINGTON,CT,06032,(860) 674-1028,5 AM - 12 AM,TRUE,,41.701905,-72.8884008,STREET_ADDRESS: RANGE_INTERPOLATED
4749,151 BOSTON POST ROAD,ORANGE,CT,06477,(203) 891-8278,Open 24 hours,TRUE,,41.2733598,-72.9933507,STREET_ADDRESS: RANGE_INTERPOLATED
4751,227 E. MAIN STREET,BRANFORD,CT,06405,(203) 481-0196,Open 24 hours,TRUE,,41.2900319,-72.797872,STREET_ADDRESS: ROOFTOP
4752,868 NORTH COLONY ROAD,WALLINGFORD,CT,06492,(203) 265-4978,Open 24 hours,TRUE,,41.4807631,-72.8105829,STREET_ADDRESS: RANGE_INTERPOLATED
4754,1660 STORRS RD,MANSFIELD,CT,06268,(860) 429-5804,Open 24 hours,TRUE,,41.8279784,-72.2664053,STREET_ADDRESS: ROOFTOP
4755,333 TALCOTVILLE RD,VERNON,CT,06066,(860) 870-0780,Open 24 hours,TRUE,,41.8405546,-72.4897076,STREET_ADDRESS: RANGE_INTERPOLATED
5400,189 CENTRAL ST,HUDSON,NH,03051,(603) 880-6557,Open 24 hours,TRUE,FALSE,42.7573692,-71.4317623,STREET_ADDRESS: ROOFTOP
5401,79 MILTON RD,ROCHESTER,NH,03868,(603) 335-0455,Open 24 hours,TRUE,FALSE,43.3382021,-70.973518,STREET_ADDRESS: RANGE_INTERPOLATED
5402,258 HIGH ST RTE 16A,SOMERSWORTH,NH,03878,(603) 692-3918,5 AM - 12 AM,TRUE,FALSE,43.2617503,-70.8653372,LOCALITY: APPROXIMATE
5403,569 WHITE MTN HWY BOX 488,MILTON,NH,03851,(603) 652-7666,Open 24 hours,TRUE,FALSE,43.4440953,-71.0091998,POSTAL_CODE: APPROXIMATE
5404,645 PORTSMOUTH AVE,GREENLAND,NH,03840,(603) 433-6749,Open 24 hours,TRUE,FALSE,43.036209,-70.8426914,STREET_ADDRESS: RANGE_INTERPOLATED
5406,2 HIGHLAND STREET,EAST ROCHESTER,NH,03868,(603) 332-5172,Open 24 hours,TRUE,FALSE,43.3353172,-70.940062,STREET_ADDRESS: RANGE_INTERPOLATED
5408,108 WEBSTER ST,MANCHESTER,NH,03104,(603) 669-8829,Open 24 hours,TRUE,FALSE,43.0071406,-71.4595368,STREET_ADDRESS: ROOFTOP
5409,22 EAST BROADWAY,DERRY,NH,03038,(603) 434-4230,Open 24 hours,TRUE,FALSE,42.8816995,-71.3253665,STREET_ADDRESS: ROOFTOP
5412,772 MAST RD,MANCHESTER,NH,03102,(603) 669-8459,Open 24 hours,TRUE,FALSE,42.9896447,-71.4985868,STREET_ADDRESS: RANGE_INTERPOLATED
5414,278 MEADOW STREET,LITTLETON,NH,03561,(603) 444-6567,Open 24 hours,TRUE,FALSE,44.3087106,-71.7919186,STREET_ADDRESS: RANGE_INTERPOLATED
5415,151 CENTRAL STREET,WOODSVILLE,NH,03785,(603) 747-3076,Open 24 hours,TRUE,FALSE,44.1485979,-72.0342855,STREET_ADDRESS: RANGE_INTERPOLATED
5416,1 MAIN STREET,WHITEFIELD,NH,03598,(603) 837-9207,Open 24 hours,TRUE,FALSE,44.3736444,-71.6139067,STREET_ADDRESS: RANGE_INTERPOLATED
5418,60 MAIN ST,GORHAM,NH,03581,(603) 466-2157,Open 24 hours,TRUE,FALSE,44.3879761,-71.1728269,STREET_ADDRESS: RANGE_INTERPOLATED
5420,217 UNION ST,MANCHESTER,NH,03103,(603) 641-6143,Open 24 hours,TRUE,FALSE,42.980655,-71.4574188,STREET_ADDRESS: RANGE_INTERPOLATED
5421,121 PLEASANT ST.,CLAREMONT,NH,03743,(603) 542-1510,Open 24 hours,TRUE,FALSE,43.3688753,-72.3402783,STREET_ADDRESS: RANGE_INTERPOLATED
5422,60 HENNIKER STREET,HILLSBORO,NH,03244,(603) 464-3731,Open 24 hours,TRUE,FALSE,43.1172146,-71.8913253,STREET_ADDRESS: RANGE_INTERPOLATED
5423,308 DANIEL WEBSTER HWY,NASHUA,NH,03060,(603) 888-3619,Open 24 hours,TRUE,,42.702443,-71.4407935,STREET_ADDRESS: RANGE_INTERPOLATED
5425,162 MAIN STREET,KEENE,NH,03431,(603) 352-5476,Open 24 hours,TRUE,FALSE,42.9297726,-72.2777343,STREET_ADDRESS: RANGE_INTERPOLATED
5428,"161 MAIN ST, PO BOX 1337",CONWAY,NH,03818,(603) 447-3117,Open 24 hours,TRUE,FALSE,43.9792085,-71.1121331,STREET_ADDRESS: RANGE_INTERPOLATED
5433,106 AMHERST STREET,NASHUA,NH,03060,(603) 886-9485,Open 24 hours,TRUE,FALSE,42.7696406,-71.4787343,STREET_ADDRESS: RANGE_INTERPOLATED
5434,"932 PORTLAND AVE, PO 598",ROLLINSFORD,NH,03869,(603) 749-2801,5 AM - 12 AM,TRUE,,43.2240887,-70.841725,POSTAL_CODE: APPROXIMATE
5436,111 DANIEL WEBSTER HWY,NASHUA,NH,03060,(603) 891-2278,5 AM - 12 AM,TRUE,FALSE,42.7280464,-71.4483538,STREET_ADDRESS: ROOFTOP
5439,1727 DOVER RD.,EPSOM,NH,03234,(603) 736-8546,Open 24 hours,TRUE,FALSE,43.2246623,-71.3453504,STREET_ADDRESS: ROOFTOP
5440,193 ENDICOTT ST. NORTH,LACONIA,NH,03246,(603) 366-7309,Open 24 hours,TRUE,FALSE,43.6057353,-71.4641462,STREET_ADDRESS: RANGE_INTERPOLATED
5441,2 SOUTH MAST STREET,GOFFSTOWN,NH,03045,(603) 497-2247,5 AM - 10 PM,TRUE,FALSE,43.0159361,-71.597902,STREET_ADDRESS: RANGE_INTERPOLATED
5442,1475 LAFAYETTE ROAD,PORTSMOUTH,NH,03801,(603) 431-0813,5 AM - 12 AM,TRUE,FALSE,43.044488,-70.7729185,STREET_ADDRESS: RANGE_INTERPOLATED
5443,97 GOSLING RD,NEWINGTON,NH,03801,(603) 431-3043,5 AM - 10 PM,TRUE,,43.0927495,-70.7976434,STREET_ADDRESS: RANGE_INTERPOLATED
5502,47 FISHERVILLE RD,CONCORD,NH,03303,(603) 223-2567,Open 24 hours,TRUE,FALSE,43.253284,-71.575855,STREET_ADDRESS: ROOFTOP
5505,25 PLEASANT STREET,BRISTOL,NH,03222,(603) 744-5610,Open 24 hours,TRUE,FALSE,43.590523,-71.7404021,STREET_ADDRESS: RANGE_INTERPOLATED
5508,299 N MAIN ST,ROCHESTER,NH,03867,(603) 332-7969,Open 24 hours,TRUE,FALSE,43.3105824,-70.9924085,STREET_ADDRESS: RANGE_INTERPOLATED
5509,86 CALEF HIGHWAY,EPPING,NH,03042,(603) 679-8394,Open 24 hours,TRUE,FALSE,43.0292377,-71.0736972,STREET_ADDRESS: RANGE_INTERPOLATED
5511,275 HANOVER STREET,MANCHESTER,NH,03104,(603) 669-4757,Open 24 hours,,FALSE,42.9909361,-71.4556447,STREET_ADDRESS: RANGE_INTERPOLATED
5515,102 MANCHESTER ST,CONCORD,NH,03301,(603) 224-7814,5 AM - 12 AM,TRUE,FALSE,43.189396,-71.508185,STREET_ADDRESS: ROOFTOP
5525,1 KNIGHT ST,ROCHESTER,NH,03867,(603) 335-6132,Open 24 hours,TRUE,FALSE,43.3003224,-70.9725922,STREET_ADDRESS: RANGE_INTERPOLATED
5529,142 NASHUA ST SUITE #4,MILFORD,NH,03055,(603) 673-7650,Open 24 hours,TRUE,FALSE,42.8351368,-71.6465124,SUBPREMISE: APPROXIMATE
5536,334 D.W. HWY. PO BX 1326,MEREDITH,NH,03253,(603) 279-7730,Open 24 hours,TRUE,FALSE,43.6478158,-71.4951417,ESTABLISHMENT: APPROXIMATE
5541,509 MAIN STREET,FARMINGTON,NH,03835,(603) 755-2516,5 AM - 12 AM,,FALSE,43.3868936,-71.0581194,STREET_ADDRESS: RANGE_INTERPOLATED
5542,235 EAST MAIN STREET,TILTON,NH,03276,(603) 286-7399,5 AM - 12 AM,TRUE,FALSE,43.442836,-71.5868912,STREET_ADDRESS: RANGE_INTERPOLATED
5543,124 COURT ST,LACONIA,NH,03246,(603) 524-1411,Open 24 hours,TRUE,FALSE,43.5236099,-71.4714372,STREET_ADDRESS: RANGE_INTERPOLATED
5544,382 S. BROADWAY,SALEM,NH,03079,(603) 893-2185,5 AM - 12 AM,TRUE,FALSE,42.7510683,-71.2056177,STREET_ADDRESS: RANGE_INTERPOLATED
5545,142 PLAISTOW RD.,PLAISTOW,NH,03865,(603) 378-0185,Open 24 hours,TRUE,,42.8448525,-71.1066777,STREET_ADDRESS: RANGE_INTERPOLATED
5546,239 CENTRAL STREET,FRANKLIN,NH,03235,(603) 934-4613,Open 24 hours,TRUE,FALSE,43.4436723,-71.6486967,STREET_ADDRESS: ROOFTOP
5547,212 KING STREET,BOSCAWEN,NH,03303,(603) 796-2488,Open 24 hours,TRUE,FALSE,43.3158789,-71.6212911,STREET_ADDRESS: RANGE_INTERPOLATED
5548,45 MAIN ST. PO BOX 705,ASHLAND,NH,03217,(603) 968-3379,5 AM - 12 AM,TRUE,FALSE,43.6966464,-71.6379141,STREET_ADDRESS: RANGE_INTERPOLATED
5552,196 NORTH MAIN STREET,CONCORD,NH,03301,(603) 226-8970,Open 24 hours,TRUE,FALSE,43.2108928,-71.5377276,STREET_ADDRESS: ROOFTOP
5554,417 S MAIN ST,CONCORD,NH,03301,(603) 228-9380,5 AM - 12 AM,TRUE,FALSE,43.17666,-71.529498,STREET_ADDRESS: ROOFTOP
5559,3 MAIN ST,KENNEBUNK,ME,04043,(207) 985-2471,5 AM - 12 AM,TRUE,FALSE,43.3853792,-70.5418421,STREET_ADDRESS: RANGE_INTERPOLATED
5560,186 MAIN ST,OGUNQUIT,ME,03907,(207) 646-5299,5 AM - 12 AM,,FALSE,43.247813,-70.600088,STREET_ADDRESS: ROOFTOP
5565,730 MAIN STREET,WESTBROOK,ME,04092,(207) 854-2850,Open 24 hours,TRUE,FALSE,43.6769233,-70.3608562,STREET_ADDRESS: RANGE_INTERPOLATED
5566,982 MAIN STREET,SANFORD,ME,04073,(207) 324-7180,Open 24 hours,TRUE,FALSE,43.4345817,-70.7719911,STREET_ADDRESS: RANGE_INTERPOLATED
5567,230 YORK STREET,YORK VILLAGE,ME,03909,(207) 351-3087,5 AM - 12 AM,TRUE,FALSE,43.143494,-70.6502114,STREET_ADDRESS: RANGE_INTERPOLATED
5568,10 ROUTE 236,SOUTH BERWICK,ME,03908,(207) 384-6269,Open 24 hours,TRUE,FALSE,43.2366754,-70.811532,STREET_ADDRESS: RANGE_INTERPOLATED
5570,1136 FOREST AVENUE,PORTLAND,ME,04103,(207) 797-9927,Open 24 hours,TRUE,FALSE,43.7032394,-70.3247725,STREET_ADDRESS: RANGE_INTERPOLATED
5571,100 COTTAGE STREET,BATH,ME,04530,(207) 386-0286,Open 24 hours,TRUE,FALSE,43.9097199,-69.823289,STREET_ADDRESS: RANGE_INTERPOLATED
5573,427 COTTAGE RD,SOUTH PORTLAND,ME,04106,(207) 767-9083,5 AM - 12 AM,TRUE,FALSE,43.6353498,-70.2338127,STREET_ADDRESS: RANGE_INTERPOLATED
5575,49 PINE ST,PORTLAND,ME,04102,(207) 874-9528,Open 24 hours,TRUE,FALSE,43.651411,-70.268629,STREET_ADDRESS: ROOFTOP
5576,"34 MAIN ST., PO BOX 52",NORTH BERWICK,ME,03906,(207) 676-8508,Open 24 hours,TRUE,FALSE,43.3047696,-70.7342669,STREET_ADDRESS: RANGE_INTERPOLATED
5577,1547 POST RD,WELLS,ME,04090,(207) 641-8645,Open 24 hours,TRUE,FALSE,43.32206,-70.5810596,STREET_ADDRESS: RANGE_INTERPOLATED
5579,53 MAIN STREET,LIVERMORE FALLS,ME,04254,(207) 897-6706,Open 24 hours,TRUE,FALSE,44.474052,-70.1902183,STREET_ADDRESS: RANGE_INTERPOLATED
5584,42 SCHOOL STREET,BERWICK,ME,03901,(207) 698-1466,5 AM - 12 AM,TRUE,FALSE,43.2692126,-70.8604379,STREET_ADDRESS: RANGE_INTERPOLATED
5585,190 BATH ROAD,BRUNSWICK,ME,04011,(207) 729-4637,Open 24 hours,TRUE,FALSE,43.907426,-69.915244,STREET_ADDRESS: ROOFTOP
5586,"PO BOX 42, 100 MAIN ST.",WOOLWICH,ME,04579,(207) 442-0952,Open 24 hours,TRUE,FALSE,43.9158595,-69.8015994,STREET_ADDRESS: RANGE_INTERPOLATED
5587,"PO BOX 162, 10 MAIN ST.",GRAY,ME,04039,(207) 657-5184,Open 24 hours,TRUE,FALSE,43.8907394,-70.3276291,STREET_ADDRESS: RANGE_INTERPOLATED
5588,251 MAIN STREET,NORWAY,ME,04268,(207) 743-0365,Open 24 hours,TRUE,FALSE,44.2125813,-70.5385558,STREET_ADDRESS: RANGE_INTERPOLATED
5589,701 MAIN ST,LEWISTON,ME,04240,(207) 786-5952,Open 24 hours,TRUE,FALSE,44.121656,-70.202022,STREET_ADDRESS: ROOFTOP
5590,410 A UPPER MAIN STREET,WINTHROP,ME,04364,(207) 377-7020,Open 24 hours,TRUE,,44.2736666,-70.0245235,ROUTE: GEOMETRIC_CENTER
5591,148 BRIDGE ST,GARDINER,ME,04345,(207) 588-0391,Open 24 hours,TRUE,FALSE,44.2328183,-69.7729679,ROUTE: GEOMETRIC_CENTER
5592,5 MOUNT VERNON AVENUE,AUGUSTA,ME,04330,(207) 621-6707,Open 24 hours,TRUE,FALSE,44.3213331,-69.7748773,STREET_ADDRESS: RANGE_INTERPOLATED
5595,119 CENTER STREET,AUBURN,ME,04210,(207) 795-6703,Open 24 hours,TRUE,FALSE,44.1065809,-70.2256849,STREET_ADDRESS: ROOFTOP
5596,76 COLLEGE AVENUE,WATERVILLE,ME,04901,(207) 877-0671,Open 24 hours,TRUE,FALSE,44.5601663,-69.6273553,STREET_ADDRESS: RANGE_INTERPOLATED
5598,4 NORTH MAIN STREET,MECHANIC FALLS,ME,04256,(207) 346-0905,Open 24 hours,TRUE,FALSE,44.1113371,-70.392061,STREET_ADDRESS: RANGE_INTERPOLATED
5599,31 ELM ST,SACO,ME,04072,(207) 282-3317,5 AM - 12 AM,TRUE,FALSE,43.499486,-70.448721,STREET_ADDRESS: ROOFTOP
5600,289 MAIN STREET,FARMINGTON,ME,04938,(207) 778-3287,Open 24 hours,TRUE,FALSE,44.6642365,-70.1482785,STREET_ADDRESS: RANGE_INTERPOLATED
5601,749 ROOSEVELT TRAIL,NORTH WINDHAM,ME,04062,(207) 892-9100,Open 24 hours,TRUE,FALSE,43.833871,-70.4379924,STREET_ADDRESS: RANGE_INTERPOLATED
5604,801 WASHINGTON AVE,PORTLAND,ME,04103,(207) 780-8032,Open 24 hours,TRUE,,43.686412,-70.268287,STREET_ADDRESS: ROOFTOP
5605,3 WATERVILLE RD PO BX 667,NORRIDGEWOCK,ME,04957,(207) 634-4577,Open 24 hours,TRUE,FALSE,44.7127074,-69.7890899,STREET_ADDRESS: ROOFTOP
5606,1 CHINA ROAD,WINSLOW,ME,04901,(207) 873-0713,Open 24 hours,TRUE,FALSE,44.53786,-69.628493,STREET_ADDRESS: ROOFTOP
5607,137 MAIN ST,GORHAM,ME,04038,(207) 839-2458,Open 24 hours,TRUE,FALSE,43.681235,-70.437389,STREET_ADDRESS: ROOFTOP
5608,287 OCEAN HOUSE RD,CAPE ELIZABETH,ME,04107,(207) 799-0576,5 AM - 11 PM,TRUE,FALSE,43.596732,-70.22966,STREET_ADDRESS: ROOFTOP
5609,136 MAIN STREET,MADISON,ME,04950,(207) 696-5327,5 AM - 12 AM,TRUE,FALSE,44.7978729,-69.8786068,STREET_ADDRESS: RANGE_INTERPOLATED
5610,65 MADISON AVE,SKOWHEGAN,ME,04976,(207) 474-6218,Open 24 hours,TRUE,FALSE,44.7675853,-69.7205182,STREET_ADDRESS: RANGE_INTERPOLATED
5611,205 MAIN STREET,FAIRFIELD,ME,04937,(207) 453-9734,Open 24 hours,TRUE,FALSE,44.5885939,-69.5946066,STREET_ADDRESS: RANGE_INTERPOLATED
5613,512 WOODSFORD ST,PORTLAND,ME,04103,(207) 773-7792,Open 24 hours,TRUE,FALSE,43.668931,-70.301337,STREET_ADDRESS: ROOFTOP
5614,145 SABATTUS ROAD,SABATTUS,ME,04280,(207) 375-8210,Open 24 hours,TRUE,FALSE,44.111805,-70.1109001,STREET_ADDRESS: RANGE_INTERPOLATED
5616,564 ALFRED STREET,BIDDEFORD,ME,04005,(207) 283-3410,Open 24 hours,TRUE,,43.4761994,-70.5081989,STREET_ADDRESS: RANGE_INTERPOLATED
5617,439 PAYNE ROAD,SCARBOROUGH,ME,04074,(207) 883-1508,Open 24 hours,TRUE,FALSE,43.6222502,-70.3501616,STREET_ADDRESS: RANGE_INTERPOLATED
5618,535 MAIN STREET,SACO,ME,04072,(207) 282-4276,Open 24 hours,TRUE,FALSE,43.5099939,-70.4331559,STREET_ADDRESS: ROOFTOP
5619,939 US RTE 1,YARMOUTH,ME,04096,(207) 846-3627,Open 24 hours,TRUE,,43.8060018,-70.1708309,STREET_ADDRESS: ROOFTOP
5620,162 PLEASANT STREET,BRUNSWICK,ME,04011,(207) 721-0384,Open 24 hours,TRUE,,43.912795,-69.988088,STREET_ADDRESS: ROOFTOP
5621,753 SABATTUS ST,LEWISTON,ME,04240,(207) 344-2014,Open 24 hours,TRUE,,44.102824,-70.176034,STREET_ADDRESS: ROOFTOP
6617,19 MONTAGUE ST. POBOX9488,NORTH AMHERST,MA,01059,(413) 549-1501,Open 24 hours,,FALSE,42.4109922,-72.5306436,STREET_ADDRESS: RANGE_INTERPOLATED
6639,49 MAIN STREET,GREENFIELD,MA,01301,(413) 774-9438,5 AM - 12 AM,,FALSE,42.587311,-72.6074499,STREET_ADDRESS: RANGE_INTERPOLATED
6648,225 MAIN STREET,NORTH BROOKFIELD,MA,01535,(508) 867-0142,5 AM - 12 AM,,FALSE,42.2702328,-72.0855862,STREET_ADDRESS: RANGE_INTERPOLATED
6654,"67 MAIN ST, PO BOX 144",ASHBURNHAM,MA,01430,(978) 827-1349,5 AM - 12 AM,,FALSE,42.6357519,-71.9109867,STREET_ADDRESS: RANGE_INTERPOLATED
6658,707 MAIN ST,DALTON,MA,01226,(413) 684-1465,6 AM - 11 PM,TRUE,FALSE,42.4741209,-73.160811,STREET_ADDRESS: ROOFTOP
6659,26 DOUGLAS ST.,UXBRIDGE,MA,01569,(508) 278-0070,Open 24 hours,TRUE,FALSE,42.0768164,-71.6318494,STREET_ADDRESS: RANGE_INTERPOLATED
6660,"29 HARDWICK RD, PO BX 305",GILBERTVILLE,MA,01031,(413) 477-9943,5 AM - 12 AM,TRUE,FALSE,42.3135902,-72.2045117,STREET_ADDRESS: ROOFTOP
6661,132 ELM STREET,AMESBURY,MA,01913,(978) 834-0524,Open 24 hours,TRUE,FALSE,42.857969,-70.9236899,STREET_ADDRESS: ROOFTOP
6662,121 MAIN STREET,EAST PEPPERELL,MA,01463,(978) 433-8924,Open 24 hours,TRUE,FALSE,42.664752,-71.578453,STREET_ADDRESS: ROOFTOP
6663,9 RAILROAD AVENUE,ROCKPORT,MA,01966,(978) 546-9180,6 AM - 11 PM,,FALSE,42.655221,-70.6246479,STREET_ADDRESS: ROOFTOP
6664,25 EAST MAIN STREET,ORANGE,MA,01364,(978) 544-0261,Open 24 hours,TRUE,FALSE,42.59108,-72.308507,STREET_ADDRESS: ROOFTOP
6665,1468 NORTH MAIN ST.,PALMER,MA,01069,(413) 284-1710,Open 24 hours,TRUE,,42.158365,-72.331776,STREET_ADDRESS: ROOFTOP
6667,200 WASHINGTON ST,HUDSON,MA,01749,(978) 568-1985,Open 24 hours,TRUE,FALSE,42.3810552,-71.5678814,STREET_ADDRESS: RANGE_INTERPOLATED
6668,140 MAIN STREET,GREAT BARRINGTON,MA,01230,(413) 528-2105,Open 24 hours,TRUE,FALSE,42.1989702,-73.3606651,STREET_ADDRESS: RANGE_INTERPOLATED
6669,241 MAIN ST RTE 110,AMESBURY,MA,01913,(978) 834-0584,Open 24 hours,TRUE,FALSE,42.8583925,-70.9300376,LOCALITY: APPROXIMATE
6670,154 FIRST ST,PITTSFIELD,MA,01201,(413) 443-4478,Open 24 hours,TRUE,FALSE,42.452874,-73.2496029,STREET_ADDRESS: ROOFTOP
6671,54 ACTON ST,MAYNARD,MA,01754,(978) 461-0069,5 AM - 11 PM,TRUE,FALSE,42.4359157,-71.4523237,STREET_ADDRESS: ROOFTOP
6672,95 FRONT STREET,WINCHENDON,MA,01475,(978) 297-3527,Open 24 hours,TRUE,FALSE,42.6810585,-72.0488691,STREET_ADDRESS: ROOFTOP
6674,2 SUGARLOAF STREET,SOUTH DEERFIELD,MA,01373,(413) 665-7342,5 AM - 12 AM,TRUE,FALSE,42.477051,-72.608262,STREET_ADDRESS: ROOFTOP
6676,182 WEST ST,WARE,MA,01082,(413) 967-8144,Open 24 hours,TRUE,FALSE,42.2538389,-72.2551395,STREET_ADDRESS: RANGE_INTERPOLATED
6677,"3 MAIN STREET, PO BOX 158",BRIMFIELD,MA,01010,(413) 245-3398,Open 24 hours,TRUE,FALSE,42.122166,-72.2011949,STREET_ADDRESS: ROOFTOP
6678,446 MAIN STREET,WILLIAMSTOWN,MA,01267,(413) 458-9357,Open 24 hours,TRUE,FALSE,42.7062697,-73.1899347,STREET_ADDRESS: ROOFTOP
6680,87 CENTRAL STREET,HUDSON,MA,01749,(978) 568-9874,5 AM - 12 AM,TRUE,FALSE,42.394355,-71.578548,STREET_ADDRESS: ROOFTOP
6681,66 TURNPIKE ROAD,IPSWICH,MA,01938,(978) 356-8487,Open 24 hours,TRUE,FALSE,42.685215,-70.9190069,STREET_ADDRESS: ROOFTOP
6682,2222 PROVIDENCE RD BX 233,NORTHBRIDGE,MA,01534,(508) 234-3164,Open 24 hours,TRUE,FALSE,42.1398758,-71.6376694,POSTAL_CODE: APPROXIMATE
6684,70 CENTRAL ST,IPSWICH,MA,01938,(978) 356-3701,Open 24 hours,TRUE,FALSE,42.681409,-70.840358,STREET_ADDRESS: ROOFTOP
6686,"506 MAIN ST.,PO BOX 276",FISKDALE,MA,01518,(508) 347-5190,Open 24 hours,TRUE,FALSE,42.115554,-72.109151,STREET_ADDRESS: ROOFTOP
6687,35 ELM STREET,BALDWINVILLE,MA,01436,(978) 939-1009,5 AM - 12 AM,TRUE,FALSE,42.608598,-72.075039,STREET_ADDRESS: RANGE_INTERPOLATED
6688,297 MAIN STREET,ATHOL,MA,01331,(978) 249-3209,Open 24 hours,TRUE,FALSE,42.593771,-72.2334575,STREET_ADDRESS: RANGE_INTERPOLATED
6690,46 COMMERCIAL ST,ADAMS,MA,01220,(413) 743-5964,5 AM - 12 AM,TRUE,FALSE,42.616755,-73.122089,STREET_ADDRESS: ROOFTOP
6691,594 UNION STREET,NORTH ADAMS,MA,01247,(413) 663-9481,5 AM - 12 AM,TRUE,FALSE,42.7002998,-73.0940068,STREET_ADDRESS: RANGE_INTERPOLATED
6692,70 ASHLAND STREET,NORTH ADAMS,MA,01247,(413) 662-2721,5 AM - 12 AM,TRUE,FALSE,42.6971289,-73.1102657,STREET_ADDRESS: RANGE_INTERPOLATED
6694,317 FEDERAL ST,GREENFIELD,MA,01301,(413) 773-1738,Open 24 hours,TRUE,FALSE,42.601318,-72.593062,STREET_ADDRESS: ROOFTOP
6695,"225 MAIN ST, PO BOX 245",BROOKFIELD,MA,01506,(508) 867-9703,Open 24 hours,TRUE,FALSE,42.2180017,-72.0991541,ROUTE: GEOMETRIC_CENTER
6697,885 DALTON AVE,PITTSFIELD,MA,01201,(413) 496-9774,5 AM - 12 AM,TRUE,FALSE,42.468747,-73.201885,STREET_ADDRESS: ROOFTOP
6698,74 W STATE ST,GRANBY,MA,01033,(413) 467-9969,Open 24 hours,TRUE,FALSE,42.246824,-72.544112,STREET_ADDRESS: RANGE_INTERPOLATED
6702,10 MONTAGUE CITY RD.,TURNERS FALLS,MA,01376,(413) 863-3659,Open 24 hours,TRUE,,42.599082,-72.564355,STREET_ADDRESS: RANGE_INTERPOLATED
6703,22 PARK & RIVERDALE RD.,WEST SPRINGFIELD,MA,01089,(413) 788-4536,Open 24 hours,TRUE,FALSE,42.138658,-72.6262679,ROUTE: GEOMETRIC_CENTER
6704,35 BELCHERTOWN RD,AMHERST,MA,01002,(413) 256-8332,Open 24 hours,TRUE,FALSE,42.372252,-72.5000589,STREET_ADDRESS: ROOFTOP
6705,163 PATRIOTS RD PO BX 312,EAST TEMPLETON,MA,01438,(978) 632-5037,Open 24 hours,TRUE,FALSE,42.5612277,-72.040016,STREET_ADDRESS: RANGE_INTERPOLATED
6706,109 BROOKSIDE ROAD,ATHOL,MA,01331,(978) 248-2195,5 AM - 12 AM,TRUE,FALSE,42.5808295,-72.2565155,STREET_ADDRESS: RANGE_INTERPOLATED
6708,4 SOUTH MAIN STREET,MIDDLETON,MA,01949,(978) 774-8600,5 AM - 12 AM,TRUE,FALSE,42.594644,-71.014736,STREET_ADDRESS: ROOFTOP
6714,37 & 39 MAIN STREET,WILLIAMSBURG,MA,01096,(413) 268-8277,5 AM - 12 AM,TRUE,FALSE,42.3897158,-72.7209644,STREET_ADDRESS: RANGE_INTERPOLATED
6715,205 MAIN STREET,WILMINGTON,MA,01887,(978) 658-0275,5 AM - 12 AM,TRUE,FALSE,42.5577712,-71.1818861,STREET_ADDRESS: RANGE_INTERPOLATED
6717,66 PARKER STREET,INDIAN ORCHARD,MA,01151,(413) 543-6030,6 AM - 11 PM,TRUE,FALSE,42.1541896,-72.4893496,STREET_ADDRESS: RANGE_INTERPOLATED
6718,507 NEWTON STREET,SOUTH HADLEY,MA,01075,(413) 540-9390,5 AM - 12 AM,TRUE,FALSE,42.2361797,-72.583039,STREET_ADDRESS: RANGE_INTERPOLATED
6719,550 EAST MAIN STREET,EAST BROOKFIELD,MA,01515,(508) 885-5361,5 AM - 12 AM,TRUE,FALSE,42.2315388,-72.0291702,STREET_ADDRESS: RANGE_INTERPOLATED
6720,1530 MAIN ST,LEICESTER,MA,01524,(508) 892-8391,5 AM - 12 AM,TRUE,FALSE,42.2460548,-71.9091762,STREET_ADDRESS: RANGE_INTERPOLATED
6723,730 COCHITUATE ROAD,FRAMINGHAM,MA,01701,(508) 872-8201,Open 24 hours,TRUE,,42.3089299,-71.383225,STREET_ADDRESS: ROOFTOP
6725,365 TURNPIKE AVE,SOUTHBOROUGH,MA,01772,(508) 485-5301,5 AM - 11 PM,TRUE,,42.289361,-71.560176,STREET_ADDRESS: ROOFTOP
6727,668 CHESTNUT STREET,LYNN,MA,01904,(781) 581-2798,Open 24 hours,TRUE,FALSE,42.479917,-70.954972,STREET_ADDRESS: ROOFTOP
6728,767 MAIN STREET,SOUTH WEYMOUTH,MA,02190,(781) 331-0167,6 AM - 11 PM,TRUE,FALSE,42.179403,-70.955718,STREET_ADDRESS: ROOFTOP
6729,41 MAIN STREET,KINGSTON,MA,02364,(781) 582-3797,5 AM - 12 AM,TRUE,,41.9837717,-70.7007106,STREET_ADDRESS: RANGE_INTERPOLATED
6730,143 PARK STREET & UNION,WEST SPRINGFIELD,MA,01089,(413) 739-0104,Open 24 hours,TRUE,,42.1050038,-72.620171,INTERSECTION: APPROXIMATE
6731,4460 STATE HWY ROUTE 6,EASTHAM,MA,02642,(508) 255-1162,5 AM - 11 PM,TRUE,,41.869777,-69.985399,ROUTE: GEOMETRIC_CENTER
6732,992 GRAND ARMY HWY,SOMERSET,MA,02726,(508) 679-1261,Open 24 hours,TRUE,,41.7271478,-71.1598994,ROUTE: GEOMETRIC_CENTER
6734,200 LOWELL ST,WAKEFIELD,MA,01880,(781) 245-0231,6 AM - 9 PM,TRUE,FALSE,42.522152,-71.0767059,STREET_ADDRESS: RANGE_INTERPOLATED
6735,324 MARRETT RD,LEXINGTON,MA,02421,(781) 862-0812,5 AM - 11 PM,TRUE,FALSE,42.435553,-71.235093,STREET_ADDRESS: ROOFTOP
6736,30 SPARKS AVE,NANTUCKET,MA,02554,(508) 228-2183,5 AM - 12 AM,,FALSE,41.27116,-70.093053,STREET_ADDRESS: ROOFTOP
6738,1134 SOUTHAMPTON RD,WESTFIELD,MA,01085,(413) 568-1526,Open 24 hours,TRUE,,42.1819627,-72.7265333,STREET_ADDRESS: RANGE_INTERPOLATED
6739,150 S MAIN ST,MIDDLEBORO,MA,02346,(508) 946-0349,6 AM - 11 PM,TRUE,,41.8845586,-70.9186634,STREET_ADDRESS: RANGE_INTERPOLATED
7616,239 NEWTON SPARTA ROAD,NEWTON,NJ,07860,(973) 579-7367,5 AM - 12 AM,TRUE,FALSE,41.0375277,-74.7011431,STREET_ADDRESS: RANGE_INTERPOLATED
7674,"#8, ROUTE 23",MONTAGUE,NJ,07827,(973) 293-8928,5 AM - 12 AM,TRUE,,41.352932,-74.685448,STREET_ADDRESS: RANGE_INTERPOLATED
7677,1150 HAMBURG TURNPIKE,WAYNE,NJ,07470,(973) 686-1603,5 AM - 12 AM,TRUE,,40.960822,-74.241138,STREET_ADDRESS: ROOFTOP
7683,2029 ATLANTIC AVE,ATLANTIC CITY,NJ,08401,(609) 345-4759,Open 24 hours,TRUE,FALSE,39.3588274,-74.4363082,STREET_ADDRESS: RANGE_INTERPOLATED
7687,401 RTE. 15 NORTH,WHARTON,NJ,07885,(973) 366-2247,5 AM - 11 PM,TRUE,FALSE,40.9137569,-74.57706,STREET_ADDRESS: ROOFTOP
7785,321 SHELL ROAD,CARNEYS PT,NJ,08069,(856) 299-7127,5 AM - 12 AM,,FALSE,39.707647,-75.4698499,STREET_ADDRESS: ROOFTOP
7801,275 EAST MAIN STREET,OCEANPORT,NJ,07757,(732) 542-9599,5 AM - 12 AM,,FALSE,40.313133,-74.024834,STREET_ADDRESS: ROOFTOP
7832,210 OCEAN GATE DRIVE,BAYVILLE,NJ,08721,(732) 606-1405,5 AM - 12 AM,,FALSE,39.9169886,-74.1526497,STREET_ADDRESS: RANGE_INTERPOLATED
7912,120 CARR AVENUE,KEANSBURG,NJ,07734,(732) 495-1367,5 AM - 12 AM,,FALSE,40.45114,-74.134162,STREET_ADDRESS: ROOFTOP
7924,606 ROUTE 9 S,TUCKERTON,NJ,08087,(609) 294-3831,5 AM - 12 AM,,FALSE,39.6169506,-74.3214525,STREET_ADDRESS: RANGE_INTERPOLATED
7955,1504 RTE 72,MANAHAWKIN,NJ,08050,(609) 597-5675,5 AM - 12 AM,,FALSE,39.7307404,-74.2939002,STREET_ADDRESS: ROOFTOP
7959,918 RADIO ROAD,MYSTIC ISLAND,NJ,08087,(609) 294-3652,5 AM - 12 AM,,FALSE,39.5685919,-74.3701123,STREET_ADDRESS: ROOFTOP
7973,116 BAY AVENUE,HIGHLANDS,NJ,07732,(732) 708-9274,5 AM - 12 AM,TRUE,FALSE,40.4004249,-73.9850776,STREET_ADDRESS: RANGE_INTERPOLATED
7984,3001 OCEAN HEIGHTS AVE.,EGG HARBOR TOWNSHIP,NJ,08234,(609) 653-6783,Open 24 hours,TRUE,FALSE,39.361961,-74.618574,STREET_ADDRESS: ROOFTOP
7987,2001 RT 571 & COMWLTH BVD,TOMS RIVER,NJ,08757,(732) 736-0539,5 AM - 12 AM,,FALSE,39.9471038,-74.2531465,POSTAL_CODE: APPROXIMATE
7988,326 CHESTER AVE & 3RD ST,DELRAN,NJ,08075,(856) 461-2941,5 AM - 12 AM,,FALSE,40.0314778,-74.9671908,INTERSECTION: APPROXIMATE
8000,154 ROCKINGHAM STREET,BELLOWS FALLS,VT,05101,(802) 463-9891,Open 24 hours,TRUE,FALSE,43.137664,-72.451886,STREET_ADDRESS: ROOFTOP
8001,535 EAST MAIN STREET,NEWPORT,VT,05855,(802) 334-3091,Open 24 hours,TRUE,FALSE,44.943264,-72.193062,STREET_ADDRESS: ROOFTOP
8002,706 N. MAIN STREET,NORTHFIELD,VT,05663,(802) 485-4100,5 AM - 12 AM,TRUE,FALSE,44.15881,-72.656715,STREET_ADDRESS: ROOFTOP
8003,7 CENTRAL ST,RANDOLPH,VT,05060,(802) 728-4766,Open 24 hours,TRUE,FALSE,43.9272459,-72.665405,STREET_ADDRESS: ROOFTOP
8004,212 S. MAIN STREET,RUTLAND,VT,05701,(802) 773-9819,Open 24 hours,TRUE,FALSE,43.593761,-72.969185,STREET_ADDRESS: ROOFTOP
8005,183 MAIN STREET,WINDSOR,VT,05089,(802) 674-9194,Open 24 hours,TRUE,FALSE,43.4760656,-72.38784,STREET_ADDRESS: ROOFTOP
8006,107 NORTHSIDE DR,BENNINGTON,VT,05201,(802) 442-9063,Open 24 hours,TRUE,FALSE,42.895565,-73.203522,STREET_ADDRESS: ROOFTOP
8007,1167 HARTFORD AVE,WHITE RIVER JCT,VT,05001,(802) 281-7001,Open 24 hours,TRUE,FALSE,43.6649075,-72.3123615,STREET_ADDRESS: ROOFTOP
8008,433 WOODSTOCK RD,WOODSTOCK,VT,05091,(802) 457-9147,5 AM - 12 AM,TRUE,FALSE,43.627595,-72.507238,STREET_ADDRESS: ROOFTOP
8009,"309 N MAIN ST, BOX 308",WALLINGFORD,VT,05773,(802) 446-3428,5 AM - 12 AM,TRUE,FALSE,43.4717467,-72.9773692,LOCALITY: APPROXIMATE
8011,954 BROAD STREET,LYNDONVILLE,VT,05851,(802) 626-8508,Open 24 hours,TRUE,FALSE,44.5329404,-72.0027455,STREET_ADDRESS: ROOFTOP
8012,604 PORTLAND STREET,ST JOHNSBURY,VT,05819,(802) 748-1725,Open 24 hours,TRUE,FALSE,44.4210513,-72.0036977,STREET_ADDRESS: ROOFTOP
8013,535 MAIN STREET,FAIRLEE,VT,05045,(802) 333-9437,5 AM - 12 AM,TRUE,FALSE,43.9085582,-72.1407883,STREET_ADDRESS: RANGE_INTERPOLATED
8015,143 MAIN ST,LUDLOW,VT,05149,(802) 228-4693,5 AM - 12 AM,TRUE,FALSE,43.396277,-72.699772,STREET_ADDRESS: ROOFTOP
8016,13 W. MAIN ST. BOX 56,RICHMOND,VT,05477,(802) 434-3259,5 AM - 12 AM,TRUE,FALSE,44.4053135,-72.9924128,LOCALITY: APPROXIMATE
8018,661 PINE ST,BURLINGTON,VT,05401,(802) 660-8305,Open 24 hours,TRUE,FALSE,44.460952,-73.214888,STREET_ADDRESS: ROOFTOP
8019,454 RIVERSIDE AVE,BURLINGTON,VT,05401,(802) 660-8255,Open 24 hours,TRUE,FALSE,44.48801,-73.200406,STREET_ADDRESS: ROOFTOP
8023,20 UPPER MAIN ST BX 1007,MORRISVILLE,VT,05661,(802) 888-8598,Open 24 hours,TRUE,FALSE,44.5617189,-72.5984486,NEIGHBORHOOD: APPROXIMATE
8024,37 BERLIN ST,MONTPELIER,VT,05602,(802) 229-1284,Open 24 hours,TRUE,FALSE,44.256214,-72.576416,STREET_ADDRESS: ROOFTOP
8025,524 N MAIN ST,BARRE,VT,05641,(802) 479-9135,Open 24 hours,TRUE,FALSE,44.2073565,-72.513106,STREET_ADDRESS: RANGE_INTERPOLATED
8027,132 S MAIN ST,BARRE,VT,05641,(802) 479-4382,Open 24 hours,TRUE,FALSE,44.189567,-72.4982276,STREET_ADDRESS: ROOFTOP
8028,781 COLLEGE PKWY.,COLCHESTER,VT,05446,(802) 654-8573,Open 24 hours,TRUE,FALSE,44.497734,-73.158615,STREET_ADDRESS: ROOFTOP
8030,317 MARLBORO RD.,BRATTLEBORO,VT,05301,(802) 251-0601,5 AM - 11 PM,TRUE,FALSE,42.866298,-72.616043,STREET_ADDRESS: ROOFTOP
8833,"PO BOX 133, 1250-1 RT 532",WASHINGTON CROSSING,PA,18977,(215) 493-7164,5 AM - 11 PM,,FALSE,40.2922138,-74.8732032,STREET_ADDRESS: RANGE_INTERPOLATED
8854,308 N. MANTAWNY & STATE,POTTSTOWN,PA,19464,(610) 323-2291,5 AM - 12 AM,TRUE,FALSE,40.2532116,-75.655072,STREET_ADDRESS: RANGE_INTERPOLATED
8859,403 N. MAIN STREET,TELFORD,PA,18969,(215) 723-1774,Open 24 hours,TRUE,FALSE,40.3283219,-75.333742,STREET_ADDRESS: RANGE_INTERPOLATED
8864,1255 MONTGOMERY AVENUE,NEW BERLINVILLE,PA,19545,(610) 473-0901,Open 24 hours,TRUE,FALSE,40.3444616,-75.6266204,STREET_ADDRESS: RANGE_INTERPOLATED
8870,S. READING AVE & WARWICK,BOYERTOWN,PA,19512,(610) 473-9106,Open 24 hours,TRUE,FALSE,40.3289338,-75.6462142,INTERSECTION: APPROXIMATE
8950,1713 N LIMEKILN PIKE,DRESHER,PA,19025,(215) 540-4528,Open 24 Hours,TRUE,FALSE,40.143132,-75.167695,STREET_ADDRESS: ROOFTOP
8951,201 LANCASTER AVENUE,DEVON,PA,19333,(484) 582-0452,5 AM - 12 AM,TRUE,FALSE,40.045916,-75.42389,STREET_ADDRESS: ROOFTOP
9505,627 N DIXIE HWY,LAKE WORTH,FL,33460,(561) 586-9602,6 AM - 12 AM,TRUE,FALSE,26.6233255,-80.0570862,STREET_ADDRESS: RANGE_INTERPOLATED
9512,1925 43RD AVE,VERO BEACH,FL,32960,(772) 562-9781,Open 24 hours,TRUE,FALSE,27.6371934,-80.4302015,STREET_ADDRESS: RANGE_INTERPOLATED
9522,3100 SANFORD AVE,SANFORD,FL,32771,(407) 322-9889,5 AM - 12 AM,TRUE,FALSE,28.770635,-81.265123,STREET_ADDRESS: ROOFTOP
9538,8685 SE FEDERAL HWY,HOBE SOUND,FL,33455,(772) 546-9815,5 AM - 12 AM,TRUE,FALSE,27.098771,-80.158645,STREET_ADDRESS: ROOFTOP
9541,5245 10TH AVE NORTH,GREENACRES,FL,33463,(561) 968-9902,5 AM - 12 AM,TRUE,FALSE,26.631611,-80.125162,STREET_ADDRESS: ROOFTOP
9548,3980 10TH AVE NORTH,LAKE WORTH,FL,33461,(561) 968-9941,5 AM - 12 AM,TRUE,FALSE,26.6290932,-80.1047402,STREET_ADDRESS: ROOFTOP
9551,23077 STATE RD #7,BOCA RATON,FL,33428,(561) 482-9266,Open 24 hours,TRUE,FALSE,26.336234,-80.203766,STREET_ADDRESS: ROOFTOP
9556,10975 SOUTH A1A,JENSEN BEACH,FL,34957,(772) 229-9020,4 AM - 12 AM,TRUE,FALSE,27.2647708,-80.2021145,STREET_ADDRESS: RANGE_INTERPOLATED
9565,2001 N. EAST SAVANNAH RD.,JENSEN BEACH,FL,34957,(772) 334-6804,Open 24 hours,TRUE,FALSE,27.229745,-80.23602,STREET_ADDRESS: ROOFTOP
9568,2692 N MILITARY TRL,WEST PALM BEACH,FL,33409,(561) 478-6418,5 AM - 12 AM,TRUE,FALSE,26.716963,-80.110224,STREET_ADDRESS: ROOFTOP
9572,6900 W ATLANTIC BLVD,MARGATE,FL,33063,(954) 974-9708,5 AM - 12 AM,TRUE,FALSE,26.234815,-80.21704,STREET_ADDRESS: ROOFTOP
9574,2995 SE DIXIE HWY,STUART,FL,34997,(772) 781-1962,Open 24 hours,TRUE,FALSE,27.168419,-80.22151,STREET_ADDRESS: ROOFTOP
9577,10526 EAST COLONIAL DR,ORLANDO,FL,32817,(407) 273-9924,Open 24 hours,TRUE,FALSE,28.569631,-81.2324938,STREET_ADDRESS: RANGE_INTERPOLATED
9578,12500 STATE RD 84,DAVIE,FL,33325,(954) 472-9490,Open 24 hours,TRUE,FALSE,26.1139905,-80.3148131,STREET_ADDRESS: ROOFTOP
9580,2965 OLD 441,MT. DORA,FL,32757,(352) 383-0040,Open 24 hours,TRUE,FALSE,28.8077088,-81.6744694,STREET_ADDRESS: RANGE_INTERPOLATED
9586,1 NORTH SEMORAN BLVD.,ORLANDO,FL,32807,(407) 273-9962,Open 24 hours,TRUE,FALSE,28.54608,-81.310307,STREET_ADDRESS: ROOFTOP
9590,1701 SOUTH BAY ST,EUSTIS,FL,32726,(352) 357-1892,Open 24 hours,TRUE,FALSE,28.8293442,-81.6862922,STREET_ADDRESS: ROOFTOP
9593,2520 NO. EAST DIXIE HWY.,JENSEN BEACH,FL,34957,(772) 334-9895,5 AM - 11 PM,TRUE,FALSE,27.228611,-80.219761,STREET_ADDRESS: ROOFTOP
9600,885 SOUTH VOLUSIA AVE,ORANGE CITY,FL,32763,(386) 774-7828,Open 24 hours,TRUE,FALSE,28.939751,-81.299274,STREET_ADDRESS: ROOFTOP
9603,975 SEAWAY DRIVE,FORT PIERCE,FL,34949,(772) 461-9386,5 AM - 12 AM,TRUE,FALSE,27.462702,-80.302894,STREET_ADDRESS: ROOFTOP
9604,100 NORTH BUMBY AVE.,ORLANDO,FL,32803,(407) 894-9160,Open 24 hours,TRUE,FALSE,28.544343,-81.352238,STREET_ADDRESS: ROOFTOP
9606,4355 EDGEWATER DR,ORLANDO,FL,32804,(407) 293-9793,6 AM - 11 PM,TRUE,FALSE,28.596265,-81.397797,STREET_ADDRESS: ROOFTOP
9609,1701 KIRK RD,WEST PALM BEACH,FL,33406,(561) 439-0405,Open 24 hours,TRUE,,26.651965,-80.104846,STREET_ADDRESS: ROOFTOP
9617,1251 PROVIDENCE BLVD,DELTONA,FL,32725,(386) 574-8160,Open 24 hours,TRUE,FALSE,28.883931,-81.239299,STREET_ADDRESS: ROOFTOP
9619,1644 PROVIDENCE BLVD,DELTONA,FL,32725,(386) 574-9982,5 AM - 12 AM,TRUE,FALSE,28.90277,-81.228331,STREET_ADDRESS: ROOFTOP
9620,1020 SHOREWINDS DR,FORT PIERCE,FL,34949,(772) 465-9089,5 AM - 12 AM,TRUE,FALSE,27.485538,-80.299286,STREET_ADDRESS: ROOFTOP
9623,2526 SHERIDAN STREET,HOLLYWOOD,FL,33020,(954) 925-9001,Open 24 hours,TRUE,FALSE,26.033026,-80.158964,STREET_ADDRESS: ROOFTOP
9634,855 NORTH BANANA RIVER DR,MERRITT ISLAND,FL,32952,(321) 459-1234,5 AM - 12 AM,TRUE,FALSE,28.371796,-80.668988,STREET_ADDRESS: ROOFTOP
9636,3505 S HOPKINS AVE,TITUSVILLE,FL,32780,(321) 269-3575,Open 24 hours,TRUE,FALSE,28.5764136,-80.8043165,STREET_ADDRESS: RANGE_INTERPOLATED
9641,8078 S SUNCOAST BLVD,HOMOSSASA,FL,34446,(352) 382-0021,6 AM - 11 PM,TRUE,FALSE,28.744597,-82.554295,STREET_ADDRESS: ROOFTOP
9645,5401 SEMINOLE BLVD,SEMINOLE,FL,33772,(727) 394-7875,Open 24 hours,TRUE,FALSE,27.821782,-82.786576,STREET_ADDRESS: ROOFTOP
9650,1548 FLORESTA DRIVE,PORT ST LUCIE,FL,34983,(772) 879-9611,6 AM - 11 PM,,FALSE,27.2940688,-80.3267213,STREET_ADDRESS: RANGE_INTERPOLATED
9654,2140 PORT MALABAR BVD NE,PALM BAY,FL,32905,(321) 723-9508,5 AM - 12 AM,TRUE,FALSE,28.016998,-80.58704,STREET_ADDRESS: ROOFTOP
9657,34434 STATE RD. 54 WEST,ZEPHYRHILLS,FL,33543,(813) 782-2899,6 AM - 12 AM,TRUE,FALSE,28.218233,-82.2463927,STREET_ADDRESS: ROOFTOP
9673,1326 MILITARY TRAIL NORTH,WEST PALM BEACH,FL,33409,(561) 689-7909,5 AM - 12 AM,TRUE,FALSE,26.696764,-80.111028,STREET_ADDRESS: ROOFTOP
9675,6521 SO. EAST FEDERAL HWY,STUART,FL,34997,(772) 287-9824,5 AM - 12 AM,TRUE,FALSE,27.125697,-80.192496,STREET_ADDRESS: ROOFTOP
9685,2805 NORTH FLORIDA AVE.,HERNANDO,FL,34442,(352) 637-5588,Open 24 hours,TRUE,FALSE,28.903834,-82.376876,STREET_ADDRESS: ROOFTOP
9687,5244 MARINER BLVD,SPRING HILL,FL,34609,(352) 666-4235,6 AM - 11 PM,TRUE,FALSE,28.5037347,-82.5230485,STREET_ADDRESS: RANGE_INTERPOLATED
9690,957 SEBASTIAN BOULEVARD,SEBASTIAN,FL,32958,(772) 589-9916,Open 24 hours,TRUE,FALSE,27.783432,-80.492827,STREET_ADDRESS: ROOFTOP
9692,9580 N CITRUS SPRINGS BVD,CITRUS SPRINGS,FL,34434,(352) 489-9208,6 AM - 11 PM,TRUE,FALSE,29.003743,-82.465379,STREET_ADDRESS: ROOFTOP
9695,1204 DIXON BLVD,COCOA,FL,32922,(321) 631-9813,5 AM - 11 PM,TRUE,FALSE,28.3732988,-80.7471807,STREET_ADDRESS: ROOFTOP
9713,1900 SOUTH HWY 27,CLERMONT,FL,34711,(352) 394-8252,5 AM - 12 AM,TRUE,FALSE,28.542653,-81.742111,STREET_ADDRESS: ROOFTOP
9729,11025 US HIGHWAY 441,LEESBURG,FL,34788,(352) 343-2271,Open 24 hours,TRUE,FALSE,28.819426,-81.773937,STREET_ADDRESS: ROOFTOP
9745,973 SW DEL RIO BLVD.,PORT ST LUCIE,FL,34953,(772) 340-2597,Open 24 hours,TRUE,FALSE,27.280118,-80.373002,STREET_ADDRESS: ROOFTOP
9747,8090 US HIGHWAY 1,MICCO,FL,32976,(772) 664-8267,Open 24 hours,TRUE,FALSE,27.88058,-80.501801,STREET_ADDRESS: ROOFTOP
9748,1498 SO. EAST LENNARD RD.,PORT ST LUCIE,FL,34952,(772) 335-5764,Open 24 hours,TRUE,FALSE,27.2932728,-80.2855778,STREET_ADDRESS: ROOFTOP
9750,3669 SOUTH STREET,TITUSVILLE,FL,32780,(321) 383-2475,Open 24 hours,TRUE,FALSE,28.5820286,-80.8470273,ROUTE: GEOMETRIC_CENTER
9751,3944 GALL BLVD,ZEPHYRHILLS,FL,33541,(813) 782-9180,Open 24 hours,TRUE,FALSE,28.214905,-82.17972,STREET_ADDRESS: ROOFTOP
9753,4771 S MILITARY TRAIL,GREENACRES,FL,33463,(561) 649-5137,Open 24 hours,TRUE,FALSE,26.6072329,-80.114342,STREET_ADDRESS: ROOFTOP
9805,1801 CONCORD PIKE,WILMINGTON,DE,19803,(302) 652-2034,Open 24 hours,TRUE,FALSE,39.786085,-75.545444,STREET_ADDRESS: ROOFTOP
9808,698 NAAMANS ROAD,CLAYMONT,DE,19703,(302) 798-0230,5 AM - 12 AM,TRUE,FALSE,39.816389,-75.458709,STREET_ADDRESS: ROOFTOP
9900,752 WEST BASIN ROAD,NEW CASTLE,DE,19720,(302) 328-7962,5 AM - 12 AM,TRUE,FALSE,39.690911,-75.597075,STREET_ADDRESS: ROOFTOP
9908,1703 NEW CASTLE AVE,NEW CASTLE,DE,19720,(302) 322-7147,5 AM - 11 PM,TRUE,FALSE,39.6838337,-75.5580398,STREET_ADDRESS: RANGE_INTERPOLATED
9940,4556 CRESTHAVEN BLVD,WEST PALM BEACH,FL,33406,(561) 965-9790,6 AM - 11 PM,TRUE,FALSE,26.637239,-80.113675,STREET_ADDRESS: ROOFTOP
9998,7228 NORTH MILITARY TRAIL,PALM BCH GARDENS,FL,33410,(561) 842-8167,5 AM - 12 AM,TRUE,FALSE,26.78306,-80.106791,STREET_ADDRESS: ROOFTOP
